2025-09-12T00:40:44.932+03:00  INFO 2728 --- [web] [main] com.coinflux.web.WebApplication          : Starting WebApplication using Java 21.0.7 with PID 2728 (C:\Users\Abderhman-Gharib\Desktop\adel\Coin-Flux\target\classes started by Abderhman-Gharib in C:\Users\Abderhman-Gharib\Desktop\adel\Coin-Flux)
2025-09-12T00:40:44.938+03:00  INFO 2728 --- [web] [main] com.coinflux.web.WebApplication          : No active profile set, falling back to 1 default profile: "default"
2025-09-12T00:40:46.346+03:00  INFO 2728 --- [web] [main] .s.d.r.c.RepositoryConfigurationDelegate : Multiple Spring Data modules found, entering strict repository configuration mode
2025-09-12T00:40:46.350+03:00  INFO 2728 --- [web] [main] .s.d.r.c.RepositoryConfigurationDelegate : Bootstrapping Spring Data JPA repositories in DEFAULT mode.
2025-09-12T00:40:46.597+03:00  INFO 2728 --- [web] [main] .s.d.r.c.RepositoryConfigurationDelegate : Finished Spring Data repository scanning in 233 ms. Found 5 JPA repository interfaces.
2025-09-12T00:40:46.610+03:00  INFO 2728 --- [web] [main] .s.d.r.c.RepositoryConfigurationDelegate : Multiple Spring Data modules found, entering strict repository configuration mode
2025-09-12T00:40:46.610+03:00  INFO 2728 --- [web] [main] .s.d.r.c.RepositoryConfigurationDelegate : Bootstrapping Spring Data Redis repositories in DEFAULT mode.
2025-09-12T00:40:46.632+03:00  INFO 2728 --- [web] [main] .RepositoryConfigurationExtensionSupport : Spring Data Redis - Could not safely identify store assignment for repository candidate interface com.coinflux.web.coin.CoinRepository; If you want this repository to be a Redis repository, consider annotating your entities with one of these annotations: org.springframework.data.redis.core.RedisHash (preferred), or consider extending one of the following types with your repository: org.springframework.data.keyvalue.repository.KeyValueRepository
2025-09-12T00:40:46.633+03:00  INFO 2728 --- [web] [main] .RepositoryConfigurationExtensionSupport : Spring Data Redis - Could not safely identify store assignment for repository candidate interface com.coinflux.web.coin_exchange_rate.CoinExchangeRateRepository; If you want this repository to be a Redis repository, consider annotating your entities with one of these annotations: org.springframework.data.redis.core.RedisHash (preferred), or consider extending one of the following types with your repository: org.springframework.data.keyvalue.repository.KeyValueRepository
2025-09-12T00:40:46.633+03:00  INFO 2728 --- [web] [main] .RepositoryConfigurationExtensionSupport : Spring Data Redis - Could not safely identify store assignment for repository candidate interface com.coinflux.web.notification.NotificationRepository; If you want this repository to be a Redis repository, consider annotating your entities with one of these annotations: org.springframework.data.redis.core.RedisHash (preferred), or consider extending one of the following types with your repository: org.springframework.data.keyvalue.repository.KeyValueRepository
2025-09-12T00:40:46.633+03:00  INFO 2728 --- [web] [main] .RepositoryConfigurationExtensionSupport : Spring Data Redis - Could not safely identify store assignment for repository candidate interface com.coinflux.web.user.UserRepository; If you want this repository to be a Redis repository, consider annotating your entities with one of these annotations: org.springframework.data.redis.core.RedisHash (preferred), or consider extending one of the following types with your repository: org.springframework.data.keyvalue.repository.KeyValueRepository
2025-09-12T00:40:46.635+03:00  INFO 2728 --- [web] [main] .RepositoryConfigurationExtensionSupport : Spring Data Redis - Could not safely identify store assignment for repository candidate interface com.coinflux.web.user_coin_watchlist.UserCoinWatchlistRepository; If you want this repository to be a Redis repository, consider annotating your entities with one of these annotations: org.springframework.data.redis.core.RedisHash (preferred), or consider extending one of the following types with your repository: org.springframework.data.keyvalue.repository.KeyValueRepository
2025-09-12T00:40:46.635+03:00  INFO 2728 --- [web] [main] .s.d.r.c.RepositoryConfigurationDelegate : Finished Spring Data repository scanning in 15 ms. Found 0 Redis repository interfaces.
2025-09-12T00:40:46.873+03:00  INFO 2728 --- [web] [main] o.s.cloud.context.scope.GenericScope     : BeanFactory id=bd1a2a4b-1359-3251-a388-8d832990342e
2025-09-12T00:40:47.253+03:00  INFO 2728 --- [web] [main] o.s.b.w.embedded.tomcat.TomcatWebServer  : Tomcat initialized with port 8080 (http)
2025-09-12T00:40:47.264+03:00  INFO 2728 --- [web] [main] o.apache.catalina.core.StandardService   : Starting service [Tomcat]
2025-09-12T00:40:47.265+03:00  INFO 2728 --- [web] [main] o.apache.catalina.core.StandardEngine    : Starting Servlet engine: [Apache Tomcat/10.1.36]
2025-09-12T00:40:47.310+03:00  INFO 2728 --- [web] [main] o.a.c.c.C.[Tomcat].[localhost].[/]       : Initializing Spring embedded WebApplicationContext
2025-09-12T00:40:47.310+03:00  INFO 2728 --- [web] [main] w.s.c.ServletWebServerApplicationContext : Root WebApplicationContext: initialization completed in 2330 ms
2025-09-12T00:40:47.412+03:00  INFO 2728 --- [web] [main] o.hibernate.jpa.internal.util.LogHelper  : HHH000204: Processing PersistenceUnitInfo [name: default]
2025-09-12T00:40:47.446+03:00  INFO 2728 --- [web] [main] org.hibernate.Version                    : HHH000412: Hibernate ORM core version 6.6.8.Final
2025-09-12T00:40:47.469+03:00  INFO 2728 --- [web] [main] o.h.c.internal.RegionFactoryInitiator    : HHH000026: Second-level cache disabled
2025-09-12T00:40:47.682+03:00  INFO 2728 --- [web] [main] o.s.o.j.p.SpringPersistenceUnitInfo      : No LoadTimeWeaver setup: ignoring JPA class transformer
2025-09-12T00:40:47.704+03:00  INFO 2728 --- [web] [main] com.zaxxer.hikari.HikariDataSource       : HikariPool-1 - Starting...
2025-09-12T00:40:47.832+03:00  INFO 2728 --- [web] [main] com.zaxxer.hikari.pool.HikariPool        : HikariPool-1 - Added connection org.postgresql.jdbc.PgConnection@97b84a4
2025-09-12T00:40:47.833+03:00  INFO 2728 --- [web] [main] com.zaxxer.hikari.HikariDataSource       : HikariPool-1 - Start completed.
2025-09-12T00:40:47.902+03:00  INFO 2728 --- [web] [main] org.hibernate.orm.connections.pooling    : HHH10001005: Database info:
	Database JDBC URL [Connecting through datasource 'HikariDataSource (HikariPool-1)']
	Database driver: undefined/unknown
	Database version: 16.10
	Autocommit mode: undefined/unknown
	Isolation level: undefined/unknown
	Minimum pool size: undefined/unknown
	Maximum pool size: undefined/unknown
2025-09-12T00:40:48.736+03:00  INFO 2728 --- [web] [main] o.h.e.t.j.p.i.JtaPlatformInitiator       : HHH000489: No JTA platform available (set 'hibernate.transaction.jta.platform' to enable JTA platform integration)
2025-09-12T00:40:49.100+03:00  INFO 2728 --- [web] [main] j.LocalContainerEntityManagerFactoryBean : Initialized JPA EntityManagerFactory for persistence unit 'default'
2025-09-12T00:40:49.306+03:00 DEBUG 2728 --- [web] [main] o.s.b.w.s.ServletContextInitializerBeans : Mapping filters: springSecurityFilterChain urls=[/*] order=-100, characterEncodingFilter urls=[/*] order=-2147483648, formContentFilter urls=[/*] order=-9900, requestContextFilter urls=[/*] order=-105, jwtAuthenticationFilter urls=[/*] order=2147483647
2025-09-12T00:40:49.306+03:00 DEBUG 2728 --- [web] [main] o.s.b.w.s.ServletContextInitializerBeans : Mapping servlets: dispatcherServlet urls=[/]
2025-09-12T00:40:49.414+03:00  INFO 2728 --- [web] [main] eAuthenticationProviderManagerConfigurer : Global AuthenticationManager configured with AuthenticationProvider bean with name authenticationProvider
2025-09-12T00:40:49.414+03:00  WARN 2728 --- [web] [main] r$InitializeUserDetailsManagerConfigurer : Global AuthenticationManager configured with an AuthenticationProvider bean. UserDetailsService beans will not be used by Spring Security for automatically configuring username/password login. Consider removing the AuthenticationProvider bean. Alternatively, consider using the UserDetailsService in a manually instantiated DaoAuthenticationProvider. If the current configuration is intentional, to turn off this warning, increase the logging level of 'org.springframework.security.config.annotation.authentication.configuration.InitializeUserDetailsBeanManagerConfigurer' to ERROR
2025-09-12T00:40:49.535+03:00  WARN 2728 --- [web] [main] JpaBaseConfiguration$JpaWebConfiguration : spring.jpa.open-in-view is enabled by default. Therefore, database queries may be performed during view rendering. Explicitly configure spring.jpa.open-in-view to disable this warning
2025-09-12T00:40:50.170+03:00 DEBUG 2728 --- [web] [main] s.w.s.m.m.a.RequestMappingHandlerMapping : 16 mappings in 'requestMappingHandlerMapping'
2025-09-12T00:40:50.237+03:00 DEBUG 2728 --- [web] [main] o.s.w.s.handler.SimpleUrlHandlerMapping  : Patterns [/webjars/**, /**] in 'resourceHandlerMapping'
2025-09-12T00:40:50.311+03:00 DEBUG 2728 --- [web] [main] s.w.s.m.m.a.RequestMappingHandlerAdapter : ControllerAdvice beans: 0 @ModelAttribute, 0 @InitBinder, 1 RequestBodyAdvice, 1 ResponseBodyAdvice
2025-09-12T00:40:50.344+03:00 DEBUG 2728 --- [web] [main] .m.m.a.ExceptionHandlerExceptionResolver : ControllerAdvice beans: 1 @ExceptionHandler, 1 ResponseBodyAdvice
2025-09-12T00:40:50.655+03:00  INFO 2728 --- [web] [main] o.s.b.w.embedded.tomcat.TomcatWebServer  : Tomcat started on port 8080 (http) with context path '/'
2025-09-12T00:40:50.664+03:00  INFO 2728 --- [web] [main] o.s.a.r.c.CachingConnectionFactory       : Attempting to connect to: [localhost:5672]
2025-09-12T00:40:50.719+03:00  INFO 2728 --- [web] [main] o.s.a.r.c.CachingConnectionFactory       : Created new connection: rabbitConnectionFactory#7d2d7a85:0/SimpleConnection@274010fe [delegate=amqp://coinflux@127.0.0.1:5672/, localPort=53690]
2025-09-12T00:40:50.791+03:00  INFO 2728 --- [web] [main] com.coinflux.web.WebApplication          : Started WebApplication in 6.226 seconds (process running for 8.212)
2025-09-12T00:41:00.425+03:00  INFO 2728 --- [web] [scheduling-1] c.c.w.c.CoinExchangeRateService          : No keys found to flush from Redis cache
2025-09-12T00:41:01.425+03:00 DEBUG 2728 --- [web] [scheduling-1] o.s.w.c.HttpMessageConverterExtractor    : Reading to [com.coinflux.web.coin_exchange_rate.client.coin_gecko.dtos.ExchangeRatesResponse]
2025-09-12T00:41:01.444+03:00  INFO 2728 --- [web] [scheduling-1] c.c.w.c.CoinExchangeRateService          : Fetching from CoinGecko takes 1018.2989
2025-09-12T00:41:01.494+03:00  INFO 2728 --- [web] [scheduling-1] c.c.w.c.s.CoinExchangeRateScheduler      : Rabbit MQ time 48.9963 ms
2025-09-12T00:41:01.590+03:00  INFO 2728 --- [web] [scheduling-1] c.c.w.c.CoinExchangeRateService          : Saving in DB & CACHE  0.5448 ms
2025-09-12T00:41:01.592+03:00  INFO 2728 --- [web] [scheduling-1] c.c.w.c.s.CoinExchangeRateScheduler      : Scheduled job finished: exchange rates refreshed. Total duration: 1166 ms
2025-09-12T00:41:30.008+03:00  INFO 2728 --- [web] [scheduling-1] c.c.w.c.CoinExchangeRateService          : No keys found to flush from Redis cache
2025-09-12T00:41:30.803+03:00 DEBUG 2728 --- [web] [scheduling-1] o.s.w.c.HttpMessageConverterExtractor    : Reading to [com.coinflux.web.coin_exchange_rate.client.coin_gecko.dtos.ExchangeRatesResponse]
2025-09-12T00:41:30.811+03:00  INFO 2728 --- [web] [scheduling-1] c.c.w.c.CoinExchangeRateService          : Fetching from CoinGecko takes 801.8102
2025-09-12T00:41:30.841+03:00  INFO 2728 --- [web] [scheduling-1] c.c.w.c.s.CoinExchangeRateScheduler      : Rabbit MQ time 29.3438 ms
2025-09-12T00:41:30.844+03:00  INFO 2728 --- [web] [scheduling-1] c.c.w.c.CoinExchangeRateService          : Saving in DB & CACHE  0.0883 ms
2025-09-12T00:41:30.846+03:00  INFO 2728 --- [web] [scheduling-1] c.c.w.c.s.CoinExchangeRateScheduler      : Scheduled job finished: exchange rates refreshed. Total duration: 836 ms
2025-09-12T00:42:00.006+03:00  INFO 2728 --- [web] [scheduling-1] c.c.w.c.CoinExchangeRateService          : No keys found to flush from Redis cache
2025-09-12T00:42:00.813+03:00 DEBUG 2728 --- [web] [scheduling-1] o.s.w.c.HttpMessageConverterExtractor    : Reading to [com.coinflux.web.coin_exchange_rate.client.coin_gecko.dtos.ExchangeRatesResponse]
2025-09-12T00:42:00.818+03:00  INFO 2728 --- [web] [scheduling-1] c.c.w.c.CoinExchangeRateService          : Fetching from CoinGecko takes 809.1132
2025-09-12T00:42:00.842+03:00  INFO 2728 --- [web] [scheduling-1] c.c.w.c.s.CoinExchangeRateScheduler      : Rabbit MQ time 23.1629 ms
2025-09-12T00:42:00.847+03:00  INFO 2728 --- [web] [scheduling-1] c.c.w.c.CoinExchangeRateService          : Saving in DB & CACHE  0.0912 ms
2025-09-12T00:42:00.848+03:00  INFO 2728 --- [web] [scheduling-1] c.c.w.c.s.CoinExchangeRateScheduler      : Scheduled job finished: exchange rates refreshed. Total duration: 842 ms
2025-09-12T00:42:30.016+03:00  INFO 2728 --- [web] [scheduling-1] c.c.w.c.CoinExchangeRateService          : No keys found to flush from Redis cache
2025-09-12T00:42:30.606+03:00 DEBUG 2728 --- [web] [scheduling-1] o.s.w.c.HttpMessageConverterExtractor    : Reading to [com.coinflux.web.coin_exchange_rate.client.coin_gecko.dtos.ExchangeRatesResponse]
2025-09-12T00:42:30.609+03:00  INFO 2728 --- [web] [scheduling-1] c.c.w.c.CoinExchangeRateService          : Fetching from CoinGecko takes 591.9608
2025-09-12T00:42:30.631+03:00  INFO 2728 --- [web] [scheduling-1] c.c.w.c.s.CoinExchangeRateScheduler      : Rabbit MQ time 22.4885 ms
2025-09-12T00:42:30.639+03:00  INFO 2728 --- [web] [scheduling-1] c.c.w.c.CoinExchangeRateService          : Saving in DB & CACHE  0.0612 ms
2025-09-12T00:42:30.642+03:00  INFO 2728 --- [web] [scheduling-1] c.c.w.c.s.CoinExchangeRateScheduler      : Scheduled job finished: exchange rates refreshed. Total duration: 626 ms
2025-09-12T00:43:00.016+03:00  INFO 2728 --- [web] [scheduling-1] c.c.w.c.CoinExchangeRateService          : No keys found to flush from Redis cache
2025-09-12T00:43:00.306+03:00 DEBUG 2728 --- [web] [scheduling-1] o.s.w.c.HttpMessageConverterExtractor    : Reading to [com.coinflux.web.coin_exchange_rate.client.coin_gecko.dtos.ExchangeRatesResponse]
2025-09-12T00:43:00.310+03:00  INFO 2728 --- [web] [scheduling-1] c.c.w.c.CoinExchangeRateService          : Fetching from CoinGecko takes 293.861
2025-09-12T00:43:00.320+03:00  INFO 2728 --- [web] [scheduling-1] c.c.w.c.s.CoinExchangeRateScheduler      : Rabbit MQ time 9.8348 ms
2025-09-12T00:43:00.325+03:00  INFO 2728 --- [web] [scheduling-1] c.c.w.c.CoinExchangeRateService          : Saving in DB & CACHE  0.0474 ms
2025-09-12T00:43:00.327+03:00  INFO 2728 --- [web] [scheduling-1] c.c.w.c.s.CoinExchangeRateScheduler      : Scheduled job finished: exchange rates refreshed. Total duration: 311 ms
2025-09-12T00:43:30.004+03:00  INFO 2728 --- [web] [scheduling-1] c.c.w.c.CoinExchangeRateService          : No keys found to flush from Redis cache
2025-09-12T00:43:30.305+03:00 DEBUG 2728 --- [web] [scheduling-1] o.s.w.c.HttpMessageConverterExtractor    : Reading to [com.coinflux.web.coin_exchange_rate.client.coin_gecko.dtos.ExchangeRatesResponse]
2025-09-12T00:43:30.307+03:00  INFO 2728 --- [web] [scheduling-1] c.c.w.c.CoinExchangeRateService          : Fetching from CoinGecko takes 303.55
2025-09-12T00:43:30.324+03:00  INFO 2728 --- [web] [scheduling-1] c.c.w.c.s.CoinExchangeRateScheduler      : Rabbit MQ time 15.6136 ms
2025-09-12T00:43:30.327+03:00  INFO 2728 --- [web] [scheduling-1] c.c.w.c.CoinExchangeRateService          : Saving in DB & CACHE  0.0229 ms
2025-09-12T00:43:30.328+03:00  INFO 2728 --- [web] [scheduling-1] c.c.w.c.s.CoinExchangeRateScheduler      : Scheduled job finished: exchange rates refreshed. Total duration: 324 ms
2025-09-12T00:44:00.017+03:00  INFO 2728 --- [web] [scheduling-1] c.c.w.c.CoinExchangeRateService          : No keys found to flush from Redis cache
2025-09-12T00:44:00.986+03:00 DEBUG 2728 --- [web] [scheduling-1] o.s.w.c.HttpMessageConverterExtractor    : Reading to [com.coinflux.web.coin_exchange_rate.client.coin_gecko.dtos.ExchangeRatesResponse]
2025-09-12T00:44:01.129+03:00  INFO 2728 --- [web] [scheduling-1] c.c.w.c.CoinExchangeRateService          : Fetching from CoinGecko takes 1111.3272
2025-09-12T00:44:01.150+03:00  INFO 2728 --- [web] [scheduling-1] c.c.w.c.s.CoinExchangeRateScheduler      : Rabbit MQ time 20.7869 ms
2025-09-12T00:44:01.158+03:00  INFO 2728 --- [web] [scheduling-1] c.c.w.c.CoinExchangeRateService          : Saving in DB & CACHE  0.0786 ms
2025-09-12T00:44:01.161+03:00  INFO 2728 --- [web] [scheduling-1] c.c.w.c.s.CoinExchangeRateScheduler      : Scheduled job finished: exchange rates refreshed. Total duration: 1144 ms
2025-09-12T00:44:30.009+03:00  INFO 2728 --- [web] [scheduling-1] c.c.w.c.CoinExchangeRateService          : No keys found to flush from Redis cache
2025-09-12T00:44:30.414+03:00 DEBUG 2728 --- [web] [scheduling-1] o.s.w.c.HttpMessageConverterExtractor    : Reading to [com.coinflux.web.coin_exchange_rate.client.coin_gecko.dtos.ExchangeRatesResponse]
2025-09-12T00:44:30.417+03:00  INFO 2728 --- [web] [scheduling-1] c.c.w.c.CoinExchangeRateService          : Fetching from CoinGecko takes 406.9186
2025-09-12T00:44:30.423+03:00  INFO 2728 --- [web] [scheduling-1] c.c.w.c.s.CoinExchangeRateScheduler      : Rabbit MQ time 6.0362 ms
2025-09-12T00:44:30.428+03:00  INFO 2728 --- [web] [scheduling-1] c.c.w.c.CoinExchangeRateService          : Saving in DB & CACHE  0.0475 ms
2025-09-12T00:44:30.430+03:00  INFO 2728 --- [web] [scheduling-1] c.c.w.c.s.CoinExchangeRateScheduler      : Scheduled job finished: exchange rates refreshed. Total duration: 420 ms
2025-09-12T00:45:00.007+03:00  INFO 2728 --- [web] [scheduling-1] c.c.w.c.CoinExchangeRateService          : No keys found to flush from Redis cache
2025-09-12T00:45:00.419+03:00 DEBUG 2728 --- [web] [scheduling-1] o.s.w.c.HttpMessageConverterExtractor    : Reading to [com.coinflux.web.coin_exchange_rate.client.coin_gecko.dtos.ExchangeRatesResponse]
2025-09-12T00:45:00.419+03:00  INFO 2728 --- [web] [scheduling-1] c.c.w.c.CoinExchangeRateService          : Fetching from CoinGecko takes 415.2789
2025-09-12T00:45:00.435+03:00  INFO 2728 --- [web] [scheduling-1] c.c.w.c.s.CoinExchangeRateScheduler      : Rabbit MQ time 11.0917 ms
2025-09-12T00:45:00.442+03:00  INFO 2728 --- [web] [scheduling-1] c.c.w.c.CoinExchangeRateService          : Saving in DB & CACHE  0.0337 ms
2025-09-12T00:45:00.446+03:00  INFO 2728 --- [web] [scheduling-1] c.c.w.c.s.CoinExchangeRateScheduler      : Scheduled job finished: exchange rates refreshed. Total duration: 439 ms
2025-09-12T00:45:30.010+03:00  INFO 2728 --- [web] [scheduling-1] c.c.w.c.CoinExchangeRateService          : No keys found to flush from Redis cache
2025-09-12T00:45:30.313+03:00 DEBUG 2728 --- [web] [scheduling-1] o.s.w.c.HttpMessageConverterExtractor    : Reading to [com.coinflux.web.coin_exchange_rate.client.coin_gecko.dtos.ExchangeRatesResponse]
2025-09-12T00:45:30.322+03:00  INFO 2728 --- [web] [scheduling-1] c.c.w.c.CoinExchangeRateService          : Fetching from CoinGecko takes 311.5821
2025-09-12T00:45:30.322+03:00  INFO 2728 --- [web] [scheduling-1] c.c.w.c.s.CoinExchangeRateScheduler      : Rabbit MQ time 5.1448 ms
2025-09-12T00:45:30.334+03:00  INFO 2728 --- [web] [scheduling-1] c.c.w.c.CoinExchangeRateService          : Saving in DB & CACHE  0.037 ms
2025-09-12T00:45:30.336+03:00  INFO 2728 --- [web] [scheduling-1] c.c.w.c.s.CoinExchangeRateScheduler      : Scheduled job finished: exchange rates refreshed. Total duration: 325 ms
2025-09-12T00:46:00.007+03:00  INFO 2728 --- [web] [scheduling-1] c.c.w.c.CoinExchangeRateService          : No keys found to flush from Redis cache
2025-09-12T00:46:00.317+03:00 DEBUG 2728 --- [web] [scheduling-1] o.s.w.c.HttpMessageConverterExtractor    : Reading to [com.coinflux.web.coin_exchange_rate.client.coin_gecko.dtos.ExchangeRatesResponse]
2025-09-12T00:46:00.325+03:00  INFO 2728 --- [web] [scheduling-1] c.c.w.c.CoinExchangeRateService          : Fetching from CoinGecko takes 314.2558
2025-09-12T00:46:00.337+03:00  INFO 2728 --- [web] [scheduling-1] c.c.w.c.s.CoinExchangeRateScheduler      : Rabbit MQ time 11.5559 ms
2025-09-12T00:46:00.345+03:00  INFO 2728 --- [web] [scheduling-1] c.c.w.c.CoinExchangeRateService          : Saving in DB & CACHE  0.0505 ms
2025-09-12T00:46:00.349+03:00  INFO 2728 --- [web] [scheduling-1] c.c.w.c.s.CoinExchangeRateScheduler      : Scheduled job finished: exchange rates refreshed. Total duration: 338 ms
2025-09-12T00:46:30.010+03:00  INFO 2728 --- [web] [scheduling-1] c.c.w.c.CoinExchangeRateService          : No keys found to flush from Redis cache
2025-09-12T00:46:30.325+03:00 DEBUG 2728 --- [web] [scheduling-1] o.s.w.c.HttpMessageConverterExtractor    : Reading to [com.coinflux.web.coin_exchange_rate.client.coin_gecko.dtos.ExchangeRatesResponse]
2025-09-12T00:46:30.325+03:00  INFO 2728 --- [web] [scheduling-1] c.c.w.c.CoinExchangeRateService          : Fetching from CoinGecko takes 317.9565
2025-09-12T00:46:30.342+03:00  INFO 2728 --- [web] [scheduling-1] c.c.w.c.s.CoinExchangeRateScheduler      : Rabbit MQ time 12.9722 ms
2025-09-12T00:46:30.347+03:00  INFO 2728 --- [web] [scheduling-1] c.c.w.c.CoinExchangeRateService          : Saving in DB & CACHE  0.0279 ms
2025-09-12T00:46:30.348+03:00  INFO 2728 --- [web] [scheduling-1] c.c.w.c.s.CoinExchangeRateScheduler      : Scheduled job finished: exchange rates refreshed. Total duration: 337 ms
2025-09-12T00:47:00.017+03:00  INFO 2728 --- [web] [scheduling-1] c.c.w.c.CoinExchangeRateService          : No keys found to flush from Redis cache
2025-09-12T00:47:00.527+03:00 DEBUG 2728 --- [web] [scheduling-1] o.s.w.c.HttpMessageConverterExtractor    : Reading to [com.coinflux.web.coin_exchange_rate.client.coin_gecko.dtos.ExchangeRatesResponse]
2025-09-12T00:47:00.537+03:00  INFO 2728 --- [web] [scheduling-1] c.c.w.c.CoinExchangeRateService          : Fetching from CoinGecko takes 519.5784
2025-09-12T00:47:00.550+03:00  INFO 2728 --- [web] [scheduling-1] c.c.w.c.s.CoinExchangeRateScheduler      : Rabbit MQ time 13.1609 ms
2025-09-12T00:47:00.555+03:00  INFO 2728 --- [web] [scheduling-1] c.c.w.c.CoinExchangeRateService          : Saving in DB & CACHE  0.0227 ms
2025-09-12T00:47:00.556+03:00  INFO 2728 --- [web] [scheduling-1] c.c.w.c.s.CoinExchangeRateScheduler      : Scheduled job finished: exchange rates refreshed. Total duration: 539 ms
2025-09-12T00:47:30.010+03:00  INFO 2728 --- [web] [scheduling-1] c.c.w.c.CoinExchangeRateService          : No keys found to flush from Redis cache
2025-09-12T00:47:30.401+03:00 DEBUG 2728 --- [web] [scheduling-1] o.s.w.c.HttpMessageConverterExtractor    : Reading to [com.coinflux.web.coin_exchange_rate.client.coin_gecko.dtos.ExchangeRatesResponse]
2025-09-12T00:47:30.401+03:00  INFO 2728 --- [web] [scheduling-1] c.c.w.c.CoinExchangeRateService          : Fetching from CoinGecko takes 392.737
2025-09-12T00:47:30.416+03:00  INFO 2728 --- [web] [scheduling-1] c.c.w.c.s.CoinExchangeRateScheduler      : Rabbit MQ time 12.0693 ms
2025-09-12T00:47:30.423+03:00  INFO 2728 --- [web] [scheduling-1] c.c.w.c.CoinExchangeRateService          : Saving in DB & CACHE  0.0559 ms
2025-09-12T00:47:30.427+03:00  INFO 2728 --- [web] [scheduling-1] c.c.w.c.s.CoinExchangeRateScheduler      : Scheduled job finished: exchange rates refreshed. Total duration: 417 ms
2025-09-12T00:48:00.014+03:00  INFO 2728 --- [web] [scheduling-1] c.c.w.c.CoinExchangeRateService          : No keys found to flush from Redis cache
2025-09-12T00:48:00.328+03:00 DEBUG 2728 --- [web] [scheduling-1] o.s.w.c.HttpMessageConverterExtractor    : Reading to [com.coinflux.web.coin_exchange_rate.client.coin_gecko.dtos.ExchangeRatesResponse]
2025-09-12T00:48:00.337+03:00  INFO 2728 --- [web] [scheduling-1] c.c.w.c.CoinExchangeRateService          : Fetching from CoinGecko takes 322.9929
2025-09-12T00:48:00.349+03:00  INFO 2728 --- [web] [scheduling-1] c.c.w.c.s.CoinExchangeRateScheduler      : Rabbit MQ time 10.9485 ms
2025-09-12T00:48:00.355+03:00  INFO 2728 --- [web] [scheduling-1] c.c.w.c.CoinExchangeRateService          : Saving in DB & CACHE  0.0417 ms
2025-09-12T00:48:00.356+03:00  INFO 2728 --- [web] [scheduling-1] c.c.w.c.s.CoinExchangeRateScheduler      : Scheduled job finished: exchange rates refreshed. Total duration: 342 ms
2025-09-12T00:48:30.013+03:00  INFO 2728 --- [web] [scheduling-1] c.c.w.c.CoinExchangeRateService          : No keys found to flush from Redis cache
2025-09-12T00:48:30.334+03:00 DEBUG 2728 --- [web] [scheduling-1] o.s.w.c.HttpMessageConverterExtractor    : Reading to [com.coinflux.web.coin_exchange_rate.client.coin_gecko.dtos.ExchangeRatesResponse]
2025-09-12T00:48:30.334+03:00  INFO 2728 --- [web] [scheduling-1] c.c.w.c.CoinExchangeRateService          : Fetching from CoinGecko takes 322.7118
2025-09-12T00:48:30.350+03:00  INFO 2728 --- [web] [scheduling-1] c.c.w.c.s.CoinExchangeRateScheduler      : Rabbit MQ time 7.6797 ms
2025-09-12T00:48:30.356+03:00  INFO 2728 --- [web] [scheduling-1] c.c.w.c.CoinExchangeRateService          : Saving in DB & CACHE  0.0456 ms
2025-09-12T00:48:30.358+03:00  INFO 2728 --- [web] [scheduling-1] c.c.w.c.s.CoinExchangeRateScheduler      : Scheduled job finished: exchange rates refreshed. Total duration: 338 ms
2025-09-12T00:49:00.014+03:00  INFO 2728 --- [web] [scheduling-1] c.c.w.c.CoinExchangeRateService          : No keys found to flush from Redis cache
2025-09-12T00:49:00.521+03:00 DEBUG 2728 --- [web] [scheduling-1] o.s.w.c.HttpMessageConverterExtractor    : Reading to [com.coinflux.web.coin_exchange_rate.client.coin_gecko.dtos.ExchangeRatesResponse]
2025-09-12T00:49:00.531+03:00  INFO 2728 --- [web] [scheduling-1] c.c.w.c.CoinExchangeRateService          : Fetching from CoinGecko takes 517.2932
2025-09-12T00:49:00.539+03:00  INFO 2728 --- [web] [scheduling-1] c.c.w.c.s.CoinExchangeRateScheduler      : Rabbit MQ time 7.86 ms
2025-09-12T00:49:00.546+03:00  INFO 2728 --- [web] [scheduling-1] c.c.w.c.CoinExchangeRateService          : Saving in DB & CACHE  0.0603 ms
2025-09-12T00:49:00.548+03:00  INFO 2728 --- [web] [scheduling-1] c.c.w.c.s.CoinExchangeRateScheduler      : Scheduled job finished: exchange rates refreshed. Total duration: 534 ms
2025-09-12T00:49:30.020+03:00  INFO 2728 --- [web] [scheduling-1] c.c.w.c.CoinExchangeRateService          : No keys found to flush from Redis cache
2025-09-12T00:49:30.346+03:00 DEBUG 2728 --- [web] [scheduling-1] o.s.w.c.HttpMessageConverterExtractor    : Reading to [com.coinflux.web.coin_exchange_rate.client.coin_gecko.dtos.ExchangeRatesResponse]
2025-09-12T00:49:30.346+03:00  INFO 2728 --- [web] [scheduling-1] c.c.w.c.CoinExchangeRateService          : Fetching from CoinGecko takes 328.6113
2025-09-12T00:49:30.361+03:00  INFO 2728 --- [web] [scheduling-1] c.c.w.c.s.CoinExchangeRateScheduler      : Rabbit MQ time 11.2347 ms
2025-09-12T00:49:30.366+03:00  INFO 2728 --- [web] [scheduling-1] c.c.w.c.CoinExchangeRateService          : Saving in DB & CACHE  0.0672 ms
2025-09-12T00:49:30.369+03:00  INFO 2728 --- [web] [scheduling-1] c.c.w.c.s.CoinExchangeRateScheduler      : Scheduled job finished: exchange rates refreshed. Total duration: 349 ms
2025-09-12T00:50:00.007+03:00  INFO 2728 --- [web] [scheduling-1] c.c.w.c.CoinExchangeRateService          : No keys found to flush from Redis cache
2025-09-12T00:50:00.342+03:00 DEBUG 2728 --- [web] [scheduling-1] o.s.w.c.HttpMessageConverterExtractor    : Reading to [com.coinflux.web.coin_exchange_rate.client.coin_gecko.dtos.ExchangeRatesResponse]
2025-09-12T00:50:00.350+03:00  INFO 2728 --- [web] [scheduling-1] c.c.w.c.CoinExchangeRateService          : Fetching from CoinGecko takes 343.5267
2025-09-12T00:50:00.352+03:00  INFO 2728 --- [web] [scheduling-1] c.c.w.c.s.CoinExchangeRateScheduler      : Rabbit MQ time 4.5197 ms
2025-09-12T00:50:00.361+03:00  INFO 2728 --- [web] [scheduling-1] c.c.w.c.CoinExchangeRateService          : Saving in DB & CACHE  0.0354 ms
2025-09-12T00:50:00.363+03:00  INFO 2728 --- [web] [scheduling-1] c.c.w.c.s.CoinExchangeRateScheduler      : Scheduled job finished: exchange rates refreshed. Total duration: 355 ms
2025-09-12T00:50:30.002+03:00  INFO 2728 --- [web] [scheduling-1] c.c.w.c.CoinExchangeRateService          : No keys found to flush from Redis cache
2025-09-12T00:50:30.344+03:00 DEBUG 2728 --- [web] [scheduling-1] o.s.w.c.HttpMessageConverterExtractor    : Reading to [com.coinflux.web.coin_exchange_rate.client.coin_gecko.dtos.ExchangeRatesResponse]
2025-09-12T00:50:30.355+03:00  INFO 2728 --- [web] [scheduling-1] c.c.w.c.CoinExchangeRateService          : Fetching from CoinGecko takes 349.7751
2025-09-12T00:50:30.362+03:00  INFO 2728 --- [web] [scheduling-1] c.c.w.c.s.CoinExchangeRateScheduler      : Rabbit MQ time 5.3112 ms
2025-09-12T00:50:30.365+03:00  INFO 2728 --- [web] [scheduling-1] c.c.w.c.CoinExchangeRateService          : Saving in DB & CACHE  0.051 ms
2025-09-12T00:50:30.367+03:00  INFO 2728 --- [web] [scheduling-1] c.c.w.c.s.CoinExchangeRateScheduler      : Scheduled job finished: exchange rates refreshed. Total duration: 365 ms
2025-09-12T00:51:00.012+03:00  INFO 2728 --- [web] [scheduling-1] c.c.w.c.CoinExchangeRateService          : No keys found to flush from Redis cache
2025-09-12T00:51:00.356+03:00 DEBUG 2728 --- [web] [scheduling-1] o.s.w.c.HttpMessageConverterExtractor    : Reading to [com.coinflux.web.coin_exchange_rate.client.coin_gecko.dtos.ExchangeRatesResponse]
2025-09-12T00:51:00.357+03:00  INFO 2728 --- [web] [scheduling-1] c.c.w.c.CoinExchangeRateService          : Fetching from CoinGecko takes 345.3608
2025-09-12T00:51:00.371+03:00  INFO 2728 --- [web] [scheduling-1] c.c.w.c.s.CoinExchangeRateScheduler      : Rabbit MQ time 11.2049 ms
2025-09-12T00:51:00.375+03:00  INFO 2728 --- [web] [scheduling-1] c.c.w.c.CoinExchangeRateService          : Saving in DB & CACHE  0.044 ms
2025-09-12T00:51:00.377+03:00  INFO 2728 --- [web] [scheduling-1] c.c.w.c.s.CoinExchangeRateScheduler      : Scheduled job finished: exchange rates refreshed. Total duration: 363 ms
2025-09-12T00:51:30.010+03:00  INFO 2728 --- [web] [scheduling-1] c.c.w.c.CoinExchangeRateService          : No keys found to flush from Redis cache
2025-09-12T00:51:30.483+03:00 DEBUG 2728 --- [web] [scheduling-1] o.s.w.c.HttpMessageConverterExtractor    : Reading to [com.coinflux.web.coin_exchange_rate.client.coin_gecko.dtos.ExchangeRatesResponse]
2025-09-12T00:51:30.488+03:00  INFO 2728 --- [web] [scheduling-1] c.c.w.c.CoinExchangeRateService          : Fetching from CoinGecko takes 474.419
2025-09-12T00:51:30.500+03:00  INFO 2728 --- [web] [scheduling-1] c.c.w.c.s.CoinExchangeRateScheduler      : Rabbit MQ time 12.4901 ms
2025-09-12T00:51:30.506+03:00  INFO 2728 --- [web] [scheduling-1] c.c.w.c.CoinExchangeRateService          : Saving in DB & CACHE  0.0659 ms
2025-09-12T00:51:30.508+03:00  INFO 2728 --- [web] [scheduling-1] c.c.w.c.s.CoinExchangeRateScheduler      : Scheduled job finished: exchange rates refreshed. Total duration: 498 ms
2025-09-12T00:52:00.007+03:00  INFO 2728 --- [web] [scheduling-1] c.c.w.c.CoinExchangeRateService          : No keys found to flush from Redis cache
2025-09-12T00:52:00.670+03:00 DEBUG 2728 --- [web] [scheduling-1] o.s.w.c.HttpMessageConverterExtractor    : Reading to [com.coinflux.web.coin_exchange_rate.client.coin_gecko.dtos.ExchangeRatesResponse]
2025-09-12T00:52:00.670+03:00  INFO 2728 --- [web] [scheduling-1] c.c.w.c.CoinExchangeRateService          : Fetching from CoinGecko takes 662.9691
2025-09-12T00:52:00.681+03:00  INFO 2728 --- [web] [scheduling-1] c.c.w.c.s.CoinExchangeRateScheduler      : Rabbit MQ time 10.2016 ms
2025-09-12T00:52:00.685+03:00  INFO 2728 --- [web] [scheduling-1] c.c.w.c.CoinExchangeRateService          : Saving in DB & CACHE  0.0252 ms
2025-09-12T00:52:00.687+03:00  INFO 2728 --- [web] [scheduling-1] c.c.w.c.s.CoinExchangeRateScheduler      : Scheduled job finished: exchange rates refreshed. Total duration: 680 ms
2025-09-12T00:52:30.018+03:00  INFO 2728 --- [web] [scheduling-1] c.c.w.c.CoinExchangeRateService          : No keys found to flush from Redis cache
2025-09-12T00:52:30.364+03:00 DEBUG 2728 --- [web] [scheduling-1] o.s.w.c.HttpMessageConverterExtractor    : Reading to [com.coinflux.web.coin_exchange_rate.client.coin_gecko.dtos.ExchangeRatesResponse]
2025-09-12T00:52:30.375+03:00  INFO 2728 --- [web] [scheduling-1] c.c.w.c.CoinExchangeRateService          : Fetching from CoinGecko takes 354.7417
2025-09-12T00:52:30.387+03:00  INFO 2728 --- [web] [scheduling-1] c.c.w.c.s.CoinExchangeRateScheduler      : Rabbit MQ time 10.3433 ms
2025-09-12T00:52:30.393+03:00  INFO 2728 --- [web] [scheduling-1] c.c.w.c.CoinExchangeRateService          : Saving in DB & CACHE  0.0607 ms
2025-09-12T00:52:30.395+03:00  INFO 2728 --- [web] [scheduling-1] c.c.w.c.s.CoinExchangeRateScheduler      : Scheduled job finished: exchange rates refreshed. Total duration: 377 ms
2025-09-12T00:53:00.017+03:00  INFO 2728 --- [web] [scheduling-1] c.c.w.c.CoinExchangeRateService          : No keys found to flush from Redis cache
2025-09-12T00:53:00.783+03:00 DEBUG 2728 --- [web] [scheduling-1] o.s.w.c.HttpMessageConverterExtractor    : Reading to [com.coinflux.web.coin_exchange_rate.client.coin_gecko.dtos.ExchangeRatesResponse]
2025-09-12T00:53:00.783+03:00  INFO 2728 --- [web] [scheduling-1] c.c.w.c.CoinExchangeRateService          : Fetching from CoinGecko takes 767.4643
2025-09-12T00:53:00.797+03:00  INFO 2728 --- [web] [scheduling-1] c.c.w.c.s.CoinExchangeRateScheduler      : Rabbit MQ time 12.2095 ms
2025-09-12T00:53:00.804+03:00  INFO 2728 --- [web] [scheduling-1] c.c.w.c.CoinExchangeRateService          : Saving in DB & CACHE  0.0596 ms
2025-09-12T00:53:00.808+03:00  INFO 2728 --- [web] [scheduling-1] c.c.w.c.s.CoinExchangeRateScheduler      : Scheduled job finished: exchange rates refreshed. Total duration: 791 ms
2025-09-12T00:53:30.015+03:00  INFO 2728 --- [web] [scheduling-1] c.c.w.c.CoinExchangeRateService          : No keys found to flush from Redis cache
2025-09-12T00:53:30.481+03:00 DEBUG 2728 --- [web] [scheduling-1] o.s.w.c.HttpMessageConverterExtractor    : Reading to [com.coinflux.web.coin_exchange_rate.client.coin_gecko.dtos.ExchangeRatesResponse]
2025-09-12T00:53:30.481+03:00  INFO 2728 --- [web] [scheduling-1] c.c.w.c.CoinExchangeRateService          : Fetching from CoinGecko takes 465.7565
2025-09-12T00:53:30.484+03:00  INFO 2728 --- [web] [scheduling-1] c.c.w.c.s.CoinExchangeRateScheduler      : Rabbit MQ time 1.8843 ms
2025-09-12T00:53:30.487+03:00  INFO 2728 --- [web] [scheduling-1] c.c.w.c.CoinExchangeRateService          : Saving in DB & CACHE  0.0469 ms
2025-09-12T00:53:30.488+03:00  INFO 2728 --- [web] [scheduling-1] c.c.w.c.s.CoinExchangeRateScheduler      : Scheduled job finished: exchange rates refreshed. Total duration: 472 ms
2025-09-12T00:54:00.009+03:00  INFO 2728 --- [web] [scheduling-1] c.c.w.c.CoinExchangeRateService          : No keys found to flush from Redis cache
2025-09-12T00:54:00.581+03:00 DEBUG 2728 --- [web] [scheduling-1] o.s.w.c.HttpMessageConverterExtractor    : Reading to [com.coinflux.web.coin_exchange_rate.client.coin_gecko.dtos.ExchangeRatesResponse]
2025-09-12T00:54:00.582+03:00  INFO 2728 --- [web] [scheduling-1] c.c.w.c.CoinExchangeRateService          : Fetching from CoinGecko takes 572.618
2025-09-12T00:54:00.584+03:00  INFO 2728 --- [web] [scheduling-1] c.c.w.c.s.CoinExchangeRateScheduler      : Rabbit MQ time 1.9166 ms
2025-09-12T00:54:00.587+03:00  INFO 2728 --- [web] [scheduling-1] c.c.w.c.CoinExchangeRateService          : Saving in DB & CACHE  0.0265 ms
2025-09-12T00:54:00.588+03:00  INFO 2728 --- [web] [scheduling-1] c.c.w.c.s.CoinExchangeRateScheduler      : Scheduled job finished: exchange rates refreshed. Total duration: 579 ms
2025-09-12T00:54:30.011+03:00  INFO 2728 --- [web] [scheduling-1] c.c.w.c.CoinExchangeRateService          : No keys found to flush from Redis cache
2025-09-12T00:54:30.364+03:00 DEBUG 2728 --- [web] [scheduling-1] o.s.w.c.HttpMessageConverterExtractor    : Reading to [com.coinflux.web.coin_exchange_rate.client.coin_gecko.dtos.ExchangeRatesResponse]
2025-09-12T00:54:30.365+03:00  INFO 2728 --- [web] [scheduling-1] c.c.w.c.CoinExchangeRateService          : Fetching from CoinGecko takes 354.2202
2025-09-12T00:54:30.366+03:00  INFO 2728 --- [web] [scheduling-1] c.c.w.c.s.CoinExchangeRateScheduler      : Rabbit MQ time 1.6137 ms
2025-09-12T00:54:30.371+03:00  INFO 2728 --- [web] [scheduling-1] c.c.w.c.CoinExchangeRateService          : Saving in DB & CACHE  0.0374 ms
2025-09-12T00:54:30.373+03:00  INFO 2728 --- [web] [scheduling-1] c.c.w.c.s.CoinExchangeRateScheduler      : Scheduled job finished: exchange rates refreshed. Total duration: 362 ms
2025-09-12T00:55:00.017+03:00  INFO 2728 --- [web] [scheduling-1] c.c.w.c.CoinExchangeRateService          : No keys found to flush from Redis cache
2025-09-12T00:55:00.283+03:00 DEBUG 2728 --- [web] [scheduling-1] o.s.w.c.HttpMessageConverterExtractor    : Reading to [com.coinflux.web.coin_exchange_rate.client.coin_gecko.dtos.ExchangeRatesResponse]
2025-09-12T00:55:00.285+03:00  INFO 2728 --- [web] [scheduling-1] c.c.w.c.CoinExchangeRateService          : Fetching from CoinGecko takes 267.3041
2025-09-12T00:55:00.291+03:00  INFO 2728 --- [web] [scheduling-1] c.c.w.c.s.CoinExchangeRateScheduler      : Rabbit MQ time 5.9842 ms
2025-09-12T00:55:00.296+03:00  INFO 2728 --- [web] [scheduling-1] c.c.w.c.CoinExchangeRateService          : Saving in DB & CACHE  0.0373 ms
2025-09-12T00:55:00.298+03:00  INFO 2728 --- [web] [scheduling-1] c.c.w.c.s.CoinExchangeRateScheduler      : Scheduled job finished: exchange rates refreshed. Total duration: 281 ms
2025-09-12T00:55:30.014+03:00  INFO 2728 --- [web] [scheduling-1] c.c.w.c.CoinExchangeRateService          : No keys found to flush from Redis cache
2025-09-12T00:55:30.361+03:00 DEBUG 2728 --- [web] [scheduling-1] o.s.w.c.HttpMessageConverterExtractor    : Reading to [com.coinflux.web.coin_exchange_rate.client.coin_gecko.dtos.ExchangeRatesResponse]
2025-09-12T00:55:30.372+03:00  INFO 2728 --- [web] [scheduling-1] c.c.w.c.CoinExchangeRateService          : Fetching from CoinGecko takes 358.162
2025-09-12T00:55:30.383+03:00  INFO 2728 --- [web] [scheduling-1] c.c.w.c.s.CoinExchangeRateScheduler      : Rabbit MQ time 10.589 ms
2025-09-12T00:55:30.388+03:00  INFO 2728 --- [web] [scheduling-1] c.c.w.c.CoinExchangeRateService          : Saving in DB & CACHE  0.0373 ms
2025-09-12T00:55:30.390+03:00  INFO 2728 --- [web] [scheduling-1] c.c.w.c.s.CoinExchangeRateScheduler      : Scheduled job finished: exchange rates refreshed. Total duration: 376 ms
2025-09-12T00:56:00.005+03:00  INFO 2728 --- [web] [scheduling-1] c.c.w.c.CoinExchangeRateService          : No keys found to flush from Redis cache
2025-09-12T00:56:00.492+03:00 DEBUG 2728 --- [web] [scheduling-1] o.s.w.c.HttpMessageConverterExtractor    : Reading to [com.coinflux.web.coin_exchange_rate.client.coin_gecko.dtos.ExchangeRatesResponse]
2025-09-12T00:56:00.492+03:00  INFO 2728 --- [web] [scheduling-1] c.c.w.c.CoinExchangeRateService          : Fetching from CoinGecko takes 483.1227
2025-09-12T00:56:00.498+03:00  INFO 2728 --- [web] [scheduling-1] c.c.w.c.s.CoinExchangeRateScheduler      : Rabbit MQ time 5.274 ms
2025-09-12T00:56:00.506+03:00  INFO 2728 --- [web] [scheduling-1] c.c.w.c.CoinExchangeRateService          : Saving in DB & CACHE  0.0452 ms
2025-09-12T00:56:00.508+03:00  INFO 2728 --- [web] [scheduling-1] c.c.w.c.s.CoinExchangeRateScheduler      : Scheduled job finished: exchange rates refreshed. Total duration: 503 ms
2025-09-12T00:56:30.004+03:00  INFO 2728 --- [web] [scheduling-1] c.c.w.c.CoinExchangeRateService          : No keys found to flush from Redis cache
2025-09-12T00:56:30.292+03:00 DEBUG 2728 --- [web] [scheduling-1] o.s.w.c.HttpMessageConverterExtractor    : Reading to [com.coinflux.web.coin_exchange_rate.client.coin_gecko.dtos.ExchangeRatesResponse]
2025-09-12T00:56:30.292+03:00  INFO 2728 --- [web] [scheduling-1] c.c.w.c.CoinExchangeRateService          : Fetching from CoinGecko takes 290.0861
2025-09-12T00:56:30.304+03:00  INFO 2728 --- [web] [scheduling-1] c.c.w.c.s.CoinExchangeRateScheduler      : Rabbit MQ time 7.7598 ms
2025-09-12T00:56:30.308+03:00  INFO 2728 --- [web] [scheduling-1] c.c.w.c.CoinExchangeRateService          : Saving in DB & CACHE  0.0382 ms
2025-09-12T00:56:30.309+03:00  INFO 2728 --- [web] [scheduling-1] c.c.w.c.s.CoinExchangeRateScheduler      : Scheduled job finished: exchange rates refreshed. Total duration: 305 ms
2025-09-12T00:57:00.011+03:00  INFO 2728 --- [web] [scheduling-1] c.c.w.c.CoinExchangeRateService          : No keys found to flush from Redis cache
2025-09-12T00:57:00.703+03:00 DEBUG 2728 --- [web] [scheduling-1] o.s.w.c.HttpMessageConverterExtractor    : Reading to [com.coinflux.web.coin_exchange_rate.client.coin_gecko.dtos.ExchangeRatesResponse]
2025-09-12T00:57:00.703+03:00  INFO 2728 --- [web] [scheduling-1] c.c.w.c.CoinExchangeRateService          : Fetching from CoinGecko takes 690.0843
2025-09-12T00:57:00.706+03:00  INFO 2728 --- [web] [scheduling-1] c.c.w.c.s.CoinExchangeRateScheduler      : Rabbit MQ time 2.9108 ms
2025-09-12T00:57:00.714+03:00  INFO 2728 --- [web] [scheduling-1] c.c.w.c.CoinExchangeRateService          : Saving in DB & CACHE  0.0218 ms
2025-09-12T00:57:00.715+03:00  INFO 2728 --- [web] [scheduling-1] c.c.w.c.s.CoinExchangeRateScheduler      : Scheduled job finished: exchange rates refreshed. Total duration: 704 ms
2025-09-12T00:57:30.012+03:00  INFO 2728 --- [web] [scheduling-1] c.c.w.c.CoinExchangeRateService          : No keys found to flush from Redis cache
2025-09-12T00:57:30.615+03:00 DEBUG 2728 --- [web] [scheduling-1] o.s.w.c.HttpMessageConverterExtractor    : Reading to [com.coinflux.web.coin_exchange_rate.client.coin_gecko.dtos.ExchangeRatesResponse]
2025-09-12T00:57:30.615+03:00  INFO 2728 --- [web] [scheduling-1] c.c.w.c.CoinExchangeRateService          : Fetching from CoinGecko takes 607.4028
2025-09-12T00:57:30.631+03:00  INFO 2728 --- [web] [scheduling-1] c.c.w.c.s.CoinExchangeRateScheduler      : Rabbit MQ time 11.638 ms
2025-09-12T00:57:30.637+03:00  INFO 2728 --- [web] [scheduling-1] c.c.w.c.CoinExchangeRateService          : Saving in DB & CACHE  0.0318 ms
2025-09-12T00:57:30.640+03:00  INFO 2728 --- [web] [scheduling-1] c.c.w.c.s.CoinExchangeRateScheduler      : Scheduled job finished: exchange rates refreshed. Total duration: 627 ms
2025-09-12T00:58:00.008+03:00  INFO 2728 --- [web] [scheduling-1] c.c.w.c.CoinExchangeRateService          : No keys found to flush from Redis cache
2025-09-12T00:58:00.403+03:00 DEBUG 2728 --- [web] [scheduling-1] o.s.w.c.HttpMessageConverterExtractor    : Reading to [com.coinflux.web.coin_exchange_rate.client.coin_gecko.dtos.ExchangeRatesResponse]
2025-09-12T00:58:00.403+03:00  INFO 2728 --- [web] [scheduling-1] c.c.w.c.CoinExchangeRateService          : Fetching from CoinGecko takes 397.9918
2025-09-12T00:58:00.415+03:00  INFO 2728 --- [web] [scheduling-1] c.c.w.c.s.CoinExchangeRateScheduler      : Rabbit MQ time 6.9688 ms
2025-09-12T00:58:00.423+03:00  INFO 2728 --- [web] [scheduling-1] c.c.w.c.CoinExchangeRateService          : Saving in DB & CACHE  0.0349 ms
2025-09-12T00:58:00.425+03:00  INFO 2728 --- [web] [scheduling-1] c.c.w.c.s.CoinExchangeRateScheduler      : Scheduled job finished: exchange rates refreshed. Total duration: 417 ms
2025-09-12T00:58:30.009+03:00  INFO 2728 --- [web] [scheduling-1] c.c.w.c.CoinExchangeRateService          : No keys found to flush from Redis cache
2025-09-12T00:58:30.360+03:00 DEBUG 2728 --- [web] [scheduling-1] o.s.w.c.HttpMessageConverterExtractor    : Reading to [com.coinflux.web.coin_exchange_rate.client.coin_gecko.dtos.ExchangeRatesResponse]
2025-09-12T00:58:30.367+03:00  INFO 2728 --- [web] [scheduling-1] c.c.w.c.CoinExchangeRateService          : Fetching from CoinGecko takes 352.5984
2025-09-12T00:58:30.381+03:00  INFO 2728 --- [web] [scheduling-1] c.c.w.c.s.CoinExchangeRateScheduler      : Rabbit MQ time 12.9455 ms
2025-09-12T00:58:30.386+03:00  INFO 2728 --- [web] [scheduling-1] c.c.w.c.CoinExchangeRateService          : Saving in DB & CACHE  0.044 ms
2025-09-12T00:58:30.388+03:00  INFO 2728 --- [web] [scheduling-1] c.c.w.c.s.CoinExchangeRateScheduler      : Scheduled job finished: exchange rates refreshed. Total duration: 379 ms
2025-09-12T00:59:00.017+03:00  INFO 2728 --- [web] [scheduling-1] c.c.w.c.CoinExchangeRateService          : No keys found to flush from Redis cache
2025-09-12T00:59:00.412+03:00 DEBUG 2728 --- [web] [scheduling-1] o.s.w.c.HttpMessageConverterExtractor    : Reading to [com.coinflux.web.coin_exchange_rate.client.coin_gecko.dtos.ExchangeRatesResponse]
2025-09-12T00:59:00.413+03:00  INFO 2728 --- [web] [scheduling-1] c.c.w.c.CoinExchangeRateService          : Fetching from CoinGecko takes 396.571
2025-09-12T00:59:00.425+03:00  INFO 2728 --- [web] [scheduling-1] c.c.w.c.s.CoinExchangeRateScheduler      : Rabbit MQ time 10.5985 ms
2025-09-12T00:59:00.431+03:00  INFO 2728 --- [web] [scheduling-1] c.c.w.c.CoinExchangeRateService          : Saving in DB & CACHE  0.0602 ms
2025-09-12T00:59:00.434+03:00  INFO 2728 --- [web] [scheduling-1] c.c.w.c.s.CoinExchangeRateScheduler      : Scheduled job finished: exchange rates refreshed. Total duration: 417 ms
2025-09-12T00:59:30.010+03:00  INFO 2728 --- [web] [scheduling-1] c.c.w.c.CoinExchangeRateService          : No keys found to flush from Redis cache
2025-09-12T00:59:30.314+03:00 DEBUG 2728 --- [web] [scheduling-1] o.s.w.c.HttpMessageConverterExtractor    : Reading to [com.coinflux.web.coin_exchange_rate.client.coin_gecko.dtos.ExchangeRatesResponse]
2025-09-12T00:59:30.314+03:00  INFO 2728 --- [web] [scheduling-1] c.c.w.c.CoinExchangeRateService          : Fetching from CoinGecko takes 307.0497
2025-09-12T00:59:30.326+03:00  INFO 2728 --- [web] [scheduling-1] c.c.w.c.s.CoinExchangeRateScheduler      : Rabbit MQ time 8.8869 ms
2025-09-12T00:59:30.333+03:00  INFO 2728 --- [web] [scheduling-1] c.c.w.c.CoinExchangeRateService          : Saving in DB & CACHE  0.0402 ms
2025-09-12T00:59:30.336+03:00  INFO 2728 --- [web] [scheduling-1] c.c.w.c.s.CoinExchangeRateScheduler      : Scheduled job finished: exchange rates refreshed. Total duration: 326 ms
2025-09-12T01:00:00.013+03:00  INFO 2728 --- [web] [scheduling-1] c.c.w.c.CoinExchangeRateService          : No keys found to flush from Redis cache
2025-09-12T01:00:00.525+03:00 DEBUG 2728 --- [web] [scheduling-1] o.s.w.c.HttpMessageConverterExtractor    : Reading to [com.coinflux.web.coin_exchange_rate.client.coin_gecko.dtos.ExchangeRatesResponse]
2025-09-12T01:00:00.527+03:00  INFO 2728 --- [web] [scheduling-1] c.c.w.c.CoinExchangeRateService          : Fetching from CoinGecko takes 513.3439
2025-09-12T01:00:00.533+03:00  INFO 2728 --- [web] [scheduling-1] c.c.w.c.s.CoinExchangeRateScheduler      : Rabbit MQ time 5.6302 ms
2025-09-12T01:00:00.539+03:00  INFO 2728 --- [web] [scheduling-1] c.c.w.c.CoinExchangeRateService          : Saving in DB & CACHE  0.0371 ms
2025-09-12T01:00:00.541+03:00  INFO 2728 --- [web] [scheduling-1] c.c.w.c.s.CoinExchangeRateScheduler      : Scheduled job finished: exchange rates refreshed. Total duration: 527 ms
2025-09-12T01:00:30.015+03:00  INFO 2728 --- [web] [scheduling-1] c.c.w.c.CoinExchangeRateService          : No keys found to flush from Redis cache
2025-09-12T01:00:30.323+03:00 DEBUG 2728 --- [web] [scheduling-1] o.s.w.c.HttpMessageConverterExtractor    : Reading to [com.coinflux.web.coin_exchange_rate.client.coin_gecko.dtos.ExchangeRatesResponse]
2025-09-12T01:00:30.324+03:00  INFO 2728 --- [web] [scheduling-1] c.c.w.c.CoinExchangeRateService          : Fetching from CoinGecko takes 309.5363
2025-09-12T01:00:30.330+03:00  INFO 2728 --- [web] [scheduling-1] c.c.w.c.s.CoinExchangeRateScheduler      : Rabbit MQ time 5.5208 ms
2025-09-12T01:00:30.334+03:00  INFO 2728 --- [web] [scheduling-1] c.c.w.c.CoinExchangeRateService          : Saving in DB & CACHE  0.0367 ms
2025-09-12T01:00:30.335+03:00  INFO 2728 --- [web] [scheduling-1] c.c.w.c.s.CoinExchangeRateScheduler      : Scheduled job finished: exchange rates refreshed. Total duration: 320 ms
2025-09-12T01:01:00.008+03:00  INFO 2728 --- [web] [scheduling-1] c.c.w.c.CoinExchangeRateService          : No keys found to flush from Redis cache
2025-09-12T01:01:00.305+03:00 DEBUG 2728 --- [web] [scheduling-1] o.s.w.c.HttpMessageConverterExtractor    : Reading to [com.coinflux.web.coin_exchange_rate.client.coin_gecko.dtos.ExchangeRatesResponse]
2025-09-12T01:01:00.305+03:00  INFO 2728 --- [web] [scheduling-1] c.c.w.c.CoinExchangeRateService          : Fetching from CoinGecko takes 303.2879
2025-09-12T01:01:00.317+03:00  INFO 2728 --- [web] [scheduling-1] c.c.w.c.s.CoinExchangeRateScheduler      : Rabbit MQ time 5.2406 ms
2025-09-12T01:01:00.321+03:00  INFO 2728 --- [web] [scheduling-1] c.c.w.c.CoinExchangeRateService          : Saving in DB & CACHE  0.0208 ms
2025-09-12T01:01:00.324+03:00  INFO 2728 --- [web] [scheduling-1] c.c.w.c.s.CoinExchangeRateScheduler      : Scheduled job finished: exchange rates refreshed. Total duration: 316 ms
2025-09-12T01:01:30.017+03:00  INFO 2728 --- [web] [scheduling-1] c.c.w.c.CoinExchangeRateService          : No keys found to flush from Redis cache
2025-09-12T01:01:30.326+03:00 DEBUG 2728 --- [web] [scheduling-1] o.s.w.c.HttpMessageConverterExtractor    : Reading to [com.coinflux.web.coin_exchange_rate.client.coin_gecko.dtos.ExchangeRatesResponse]
2025-09-12T01:01:30.326+03:00  INFO 2728 --- [web] [scheduling-1] c.c.w.c.CoinExchangeRateService          : Fetching from CoinGecko takes 314.1514
2025-09-12T01:01:30.340+03:00  INFO 2728 --- [web] [scheduling-1] c.c.w.c.s.CoinExchangeRateScheduler      : Rabbit MQ time 10.292 ms
2025-09-12T01:01:30.352+03:00  INFO 2728 --- [web] [scheduling-1] c.c.w.c.CoinExchangeRateService          : Saving in DB & CACHE  0.0365 ms
2025-09-12T01:01:30.354+03:00  INFO 2728 --- [web] [scheduling-1] c.c.w.c.s.CoinExchangeRateScheduler      : Scheduled job finished: exchange rates refreshed. Total duration: 337 ms
2025-09-12T01:02:00.004+03:00  INFO 2728 --- [web] [scheduling-1] c.c.w.c.CoinExchangeRateService          : No keys found to flush from Redis cache
2025-09-12T01:02:00.437+03:00 DEBUG 2728 --- [web] [scheduling-1] o.s.w.c.HttpMessageConverterExtractor    : Reading to [com.coinflux.web.coin_exchange_rate.client.coin_gecko.dtos.ExchangeRatesResponse]
2025-09-12T01:02:00.437+03:00  INFO 2728 --- [web] [scheduling-1] c.c.w.c.CoinExchangeRateService          : Fetching from CoinGecko takes 438.8328
2025-09-12T01:02:00.457+03:00  INFO 2728 --- [web] [scheduling-1] c.c.w.c.s.CoinExchangeRateScheduler      : Rabbit MQ time 12.6076 ms
2025-09-12T01:02:00.463+03:00  INFO 2728 --- [web] [scheduling-1] c.c.w.c.CoinExchangeRateService          : Saving in DB & CACHE  0.0369 ms
2025-09-12T01:02:00.465+03:00  INFO 2728 --- [web] [scheduling-1] c.c.w.c.s.CoinExchangeRateScheduler      : Scheduled job finished: exchange rates refreshed. Total duration: 461 ms
2025-09-12T01:02:30.020+03:00  INFO 2728 --- [web] [scheduling-1] c.c.w.c.CoinExchangeRateService          : No keys found to flush from Redis cache
2025-09-12T01:02:30.844+03:00 DEBUG 2728 --- [web] [scheduling-1] o.s.w.c.HttpMessageConverterExtractor    : Reading to [com.coinflux.web.coin_exchange_rate.client.coin_gecko.dtos.ExchangeRatesResponse]
2025-09-12T01:02:30.844+03:00  INFO 2728 --- [web] [scheduling-1] c.c.w.c.CoinExchangeRateService          : Fetching from CoinGecko takes 828.7096
2025-09-12T01:02:30.862+03:00  INFO 2728 --- [web] [scheduling-1] c.c.w.c.s.CoinExchangeRateScheduler      : Rabbit MQ time 12.8999 ms
2025-09-12T01:02:30.866+03:00  INFO 2728 --- [web] [scheduling-1] c.c.w.c.CoinExchangeRateService          : Saving in DB & CACHE  0.0252 ms
2025-09-12T01:02:30.867+03:00  INFO 2728 --- [web] [scheduling-1] c.c.w.c.s.CoinExchangeRateScheduler      : Scheduled job finished: exchange rates refreshed. Total duration: 847 ms
2025-09-12T01:03:00.004+03:00  INFO 2728 --- [web] [scheduling-1] c.c.w.c.CoinExchangeRateService          : No keys found to flush from Redis cache
2025-09-12T01:03:00.336+03:00 DEBUG 2728 --- [web] [scheduling-1] o.s.w.c.HttpMessageConverterExtractor    : Reading to [com.coinflux.web.coin_exchange_rate.client.coin_gecko.dtos.ExchangeRatesResponse]
2025-09-12T01:03:00.342+03:00  INFO 2728 --- [web] [scheduling-1] c.c.w.c.CoinExchangeRateService          : Fetching from CoinGecko takes 337.3502
2025-09-12T01:03:00.348+03:00  INFO 2728 --- [web] [scheduling-1] c.c.w.c.s.CoinExchangeRateScheduler      : Rabbit MQ time 5.3994 ms
2025-09-12T01:03:00.353+03:00  INFO 2728 --- [web] [scheduling-1] c.c.w.c.CoinExchangeRateService          : Saving in DB & CACHE  0.0491 ms
2025-09-12T01:03:00.355+03:00  INFO 2728 --- [web] [scheduling-1] c.c.w.c.s.CoinExchangeRateScheduler      : Scheduled job finished: exchange rates refreshed. Total duration: 351 ms
2025-09-12T01:03:30.017+03:00  INFO 2728 --- [web] [scheduling-1] c.c.w.c.CoinExchangeRateService          : No keys found to flush from Redis cache
2025-09-12T01:03:30.344+03:00 DEBUG 2728 --- [web] [scheduling-1] o.s.w.c.HttpMessageConverterExtractor    : Reading to [com.coinflux.web.coin_exchange_rate.client.coin_gecko.dtos.ExchangeRatesResponse]
2025-09-12T01:03:30.347+03:00  INFO 2728 --- [web] [scheduling-1] c.c.w.c.CoinExchangeRateService          : Fetching from CoinGecko takes 326.215
2025-09-12T01:03:30.368+03:00  INFO 2728 --- [web] [scheduling-1] c.c.w.c.s.CoinExchangeRateScheduler      : Rabbit MQ time 20.248 ms
2025-09-12T01:03:30.374+03:00  INFO 2728 --- [web] [scheduling-1] c.c.w.c.CoinExchangeRateService          : Saving in DB & CACHE  0.0396 ms
2025-09-12T01:03:30.376+03:00  INFO 2728 --- [web] [scheduling-1] c.c.w.c.s.CoinExchangeRateScheduler      : Scheduled job finished: exchange rates refreshed. Total duration: 359 ms
2025-09-12T01:04:00.008+03:00  INFO 2728 --- [web] [scheduling-1] c.c.w.c.CoinExchangeRateService          : No keys found to flush from Redis cache
2025-09-12T01:04:00.346+03:00 DEBUG 2728 --- [web] [scheduling-1] o.s.w.c.HttpMessageConverterExtractor    : Reading to [com.coinflux.web.coin_exchange_rate.client.coin_gecko.dtos.ExchangeRatesResponse]
2025-09-12T01:04:00.346+03:00  INFO 2728 --- [web] [scheduling-1] c.c.w.c.CoinExchangeRateService          : Fetching from CoinGecko takes 341.0642
2025-09-12T01:04:00.353+03:00  INFO 2728 --- [web] [scheduling-1] c.c.w.c.s.CoinExchangeRateScheduler      : Rabbit MQ time 3.4701 ms
2025-09-12T01:04:00.360+03:00  INFO 2728 --- [web] [scheduling-1] c.c.w.c.CoinExchangeRateService          : Saving in DB & CACHE  0.0477 ms
2025-09-12T01:04:00.362+03:00  INFO 2728 --- [web] [scheduling-1] c.c.w.c.s.CoinExchangeRateScheduler      : Scheduled job finished: exchange rates refreshed. Total duration: 354 ms
2025-09-12T01:04:30.009+03:00  INFO 2728 --- [web] [scheduling-1] c.c.w.c.CoinExchangeRateService          : No keys found to flush from Redis cache
2025-09-12T01:04:30.345+03:00 DEBUG 2728 --- [web] [scheduling-1] o.s.w.c.HttpMessageConverterExtractor    : Reading to [com.coinflux.web.coin_exchange_rate.client.coin_gecko.dtos.ExchangeRatesResponse]
2025-09-12T01:04:30.345+03:00  INFO 2728 --- [web] [scheduling-1] c.c.w.c.CoinExchangeRateService          : Fetching from CoinGecko takes 342.339
2025-09-12T01:04:30.360+03:00  INFO 2728 --- [web] [scheduling-1] c.c.w.c.s.CoinExchangeRateScheduler      : Rabbit MQ time 7.8899 ms
2025-09-12T01:04:30.367+03:00  INFO 2728 --- [web] [scheduling-1] c.c.w.c.CoinExchangeRateService          : Saving in DB & CACHE  0.0741 ms
2025-09-12T01:04:30.370+03:00  INFO 2728 --- [web] [scheduling-1] c.c.w.c.s.CoinExchangeRateScheduler      : Scheduled job finished: exchange rates refreshed. Total duration: 361 ms
2025-09-12T01:05:00.008+03:00  INFO 2728 --- [web] [scheduling-1] c.c.w.c.CoinExchangeRateService          : No keys found to flush from Redis cache
2025-09-12T01:05:00.449+03:00 DEBUG 2728 --- [web] [scheduling-1] o.s.w.c.HttpMessageConverterExtractor    : Reading to [com.coinflux.web.coin_exchange_rate.client.coin_gecko.dtos.ExchangeRatesResponse]
2025-09-12T01:05:00.449+03:00  INFO 2728 --- [web] [scheduling-1] c.c.w.c.CoinExchangeRateService          : Fetching from CoinGecko takes 443.5512
2025-09-12T01:05:00.461+03:00  INFO 2728 --- [web] [scheduling-1] c.c.w.c.s.CoinExchangeRateScheduler      : Rabbit MQ time 6.553 ms
2025-09-12T01:05:00.466+03:00  INFO 2728 --- [web] [scheduling-1] c.c.w.c.CoinExchangeRateService          : Saving in DB & CACHE  0.0362 ms
2025-09-12T01:05:00.467+03:00  INFO 2728 --- [web] [scheduling-1] c.c.w.c.s.CoinExchangeRateScheduler      : Scheduled job finished: exchange rates refreshed. Total duration: 459 ms
2025-09-12T01:05:30.004+03:00  INFO 2728 --- [web] [scheduling-1] c.c.w.c.CoinExchangeRateService          : No keys found to flush from Redis cache
2025-09-12T01:05:30.257+03:00 DEBUG 2728 --- [web] [scheduling-1] o.s.w.c.HttpMessageConverterExtractor    : Reading to [com.coinflux.web.coin_exchange_rate.client.coin_gecko.dtos.ExchangeRatesResponse]
2025-09-12T01:05:30.260+03:00  INFO 2728 --- [web] [scheduling-1] c.c.w.c.CoinExchangeRateService          : Fetching from CoinGecko takes 255.5761
2025-09-12T01:05:30.263+03:00  INFO 2728 --- [web] [scheduling-1] c.c.w.c.s.CoinExchangeRateScheduler      : Rabbit MQ time 3.5515 ms
2025-09-12T01:05:30.267+03:00  INFO 2728 --- [web] [scheduling-1] c.c.w.c.CoinExchangeRateService          : Saving in DB & CACHE  0.033 ms
2025-09-12T01:05:30.268+03:00  INFO 2728 --- [web] [scheduling-1] c.c.w.c.s.CoinExchangeRateScheduler      : Scheduled job finished: exchange rates refreshed. Total duration: 263 ms
2025-09-12T01:06:00.014+03:00  INFO 2728 --- [web] [scheduling-1] c.c.w.c.CoinExchangeRateService          : No keys found to flush from Redis cache
2025-09-12T01:06:00.356+03:00 DEBUG 2728 --- [web] [scheduling-1] o.s.w.c.HttpMessageConverterExtractor    : Reading to [com.coinflux.web.coin_exchange_rate.client.coin_gecko.dtos.ExchangeRatesResponse]
2025-09-12T01:06:00.362+03:00  INFO 2728 --- [web] [scheduling-1] c.c.w.c.CoinExchangeRateService          : Fetching from CoinGecko takes 347.5973
2025-09-12T01:06:00.374+03:00  INFO 2728 --- [web] [scheduling-1] c.c.w.c.s.CoinExchangeRateScheduler      : Rabbit MQ time 11.5782 ms
2025-09-12T01:06:00.381+03:00  INFO 2728 --- [web] [scheduling-1] c.c.w.c.CoinExchangeRateService          : Saving in DB & CACHE  0.0645 ms
2025-09-12T01:06:00.383+03:00  INFO 2728 --- [web] [scheduling-1] c.c.w.c.s.CoinExchangeRateScheduler      : Scheduled job finished: exchange rates refreshed. Total duration: 369 ms
2025-09-12T01:06:30.017+03:00  INFO 2728 --- [web] [scheduling-1] c.c.w.c.CoinExchangeRateService          : No keys found to flush from Redis cache
2025-09-12T01:06:31.382+03:00 DEBUG 2728 --- [web] [scheduling-1] o.s.w.c.HttpMessageConverterExtractor    : Reading to [com.coinflux.web.coin_exchange_rate.client.coin_gecko.dtos.ExchangeRatesResponse]
2025-09-12T01:06:31.391+03:00  INFO 2728 --- [web] [scheduling-1] c.c.w.c.CoinExchangeRateService          : Fetching from CoinGecko takes 1378.0773
2025-09-12T01:06:31.403+03:00  INFO 2728 --- [web] [scheduling-1] c.c.w.c.s.CoinExchangeRateScheduler      : Rabbit MQ time 6.2214 ms
2025-09-12T01:06:31.407+03:00  INFO 2728 --- [web] [scheduling-1] c.c.w.c.CoinExchangeRateService          : Saving in DB & CACHE  0.0214 ms
2025-09-12T01:06:31.408+03:00  INFO 2728 --- [web] [scheduling-1] c.c.w.c.s.CoinExchangeRateScheduler      : Scheduled job finished: exchange rates refreshed. Total duration: 1391 ms
2025-09-12T01:07:00.011+03:00  INFO 2728 --- [web] [scheduling-1] c.c.w.c.CoinExchangeRateService          : No keys found to flush from Redis cache
2025-09-12T01:07:00.265+03:00 DEBUG 2728 --- [web] [scheduling-1] o.s.w.c.HttpMessageConverterExtractor    : Reading to [com.coinflux.web.coin_exchange_rate.client.coin_gecko.dtos.ExchangeRatesResponse]
2025-09-12T01:07:00.268+03:00  INFO 2728 --- [web] [scheduling-1] c.c.w.c.CoinExchangeRateService          : Fetching from CoinGecko takes 255.0459
2025-09-12T01:07:00.276+03:00  INFO 2728 --- [web] [scheduling-1] c.c.w.c.s.CoinExchangeRateScheduler      : Rabbit MQ time 8.129 ms
2025-09-12T01:07:00.284+03:00  INFO 2728 --- [web] [scheduling-1] c.c.w.c.CoinExchangeRateService          : Saving in DB & CACHE  0.0336 ms
2025-09-12T01:07:00.285+03:00  INFO 2728 --- [web] [scheduling-1] c.c.w.c.s.CoinExchangeRateScheduler      : Scheduled job finished: exchange rates refreshed. Total duration: 274 ms
2025-09-12T01:07:30.019+03:00  INFO 2728 --- [web] [scheduling-1] c.c.w.c.CoinExchangeRateService          : No keys found to flush from Redis cache
2025-09-12T01:07:30.576+03:00 DEBUG 2728 --- [web] [scheduling-1] o.s.w.c.HttpMessageConverterExtractor    : Reading to [com.coinflux.web.coin_exchange_rate.client.coin_gecko.dtos.ExchangeRatesResponse]
2025-09-12T01:07:30.578+03:00  INFO 2728 --- [web] [scheduling-1] c.c.w.c.CoinExchangeRateService          : Fetching from CoinGecko takes 559.9352
2025-09-12T01:07:30.592+03:00  INFO 2728 --- [web] [scheduling-1] c.c.w.c.s.CoinExchangeRateScheduler      : Rabbit MQ time 11.5138 ms
2025-09-12T01:07:30.596+03:00  INFO 2728 --- [web] [scheduling-1] c.c.w.c.CoinExchangeRateService          : Saving in DB & CACHE  0.0223 ms
2025-09-12T01:07:30.597+03:00  INFO 2728 --- [web] [scheduling-1] c.c.w.c.s.CoinExchangeRateScheduler      : Scheduled job finished: exchange rates refreshed. Total duration: 578 ms
2025-09-12T01:08:00.006+03:00  INFO 2728 --- [web] [scheduling-1] c.c.w.c.CoinExchangeRateService          : No keys found to flush from Redis cache
2025-09-12T01:08:00.475+03:00 DEBUG 2728 --- [web] [scheduling-1] o.s.w.c.HttpMessageConverterExtractor    : Reading to [com.coinflux.web.coin_exchange_rate.client.coin_gecko.dtos.ExchangeRatesResponse]
2025-09-12T01:08:00.475+03:00  INFO 2728 --- [web] [scheduling-1] c.c.w.c.CoinExchangeRateService          : Fetching from CoinGecko takes 473.3139
2025-09-12T01:08:00.493+03:00  INFO 2728 --- [web] [scheduling-1] c.c.w.c.s.CoinExchangeRateScheduler      : Rabbit MQ time 12.5713 ms
2025-09-12T01:08:00.498+03:00  INFO 2728 --- [web] [scheduling-1] c.c.w.c.CoinExchangeRateService          : Saving in DB & CACHE  0.05 ms
2025-09-12T01:08:00.500+03:00  INFO 2728 --- [web] [scheduling-1] c.c.w.c.s.CoinExchangeRateScheduler      : Scheduled job finished: exchange rates refreshed. Total duration: 494 ms
2025-09-12T01:08:30.009+03:00  INFO 2728 --- [web] [scheduling-1] c.c.w.c.CoinExchangeRateService          : No keys found to flush from Redis cache
2025-09-12T01:08:30.483+03:00 DEBUG 2728 --- [web] [scheduling-1] o.s.w.c.HttpMessageConverterExtractor    : Reading to [com.coinflux.web.coin_exchange_rate.client.coin_gecko.dtos.ExchangeRatesResponse]
2025-09-12T01:08:30.486+03:00  INFO 2728 --- [web] [scheduling-1] c.c.w.c.CoinExchangeRateService          : Fetching from CoinGecko takes 471.4623
2025-09-12T01:08:30.493+03:00  INFO 2728 --- [web] [scheduling-1] c.c.w.c.s.CoinExchangeRateScheduler      : Rabbit MQ time 6.8735 ms
2025-09-12T01:08:30.499+03:00  INFO 2728 --- [web] [scheduling-1] c.c.w.c.CoinExchangeRateService          : Saving in DB & CACHE  0.0205 ms
2025-09-12T01:08:30.500+03:00  INFO 2728 --- [web] [scheduling-1] c.c.w.c.s.CoinExchangeRateScheduler      : Scheduled job finished: exchange rates refreshed. Total duration: 491 ms
2025-09-12T01:09:00.018+03:00  INFO 2728 --- [web] [scheduling-1] c.c.w.c.CoinExchangeRateService          : No keys found to flush from Redis cache
2025-09-12T01:09:00.382+03:00 DEBUG 2728 --- [web] [scheduling-1] o.s.w.c.HttpMessageConverterExtractor    : Reading to [com.coinflux.web.coin_exchange_rate.client.coin_gecko.dtos.ExchangeRatesResponse]
2025-09-12T01:09:00.382+03:00  INFO 2728 --- [web] [scheduling-1] c.c.w.c.CoinExchangeRateService          : Fetching from CoinGecko takes 368.4018
2025-09-12T01:09:00.399+03:00  INFO 2728 --- [web] [scheduling-1] c.c.w.c.s.CoinExchangeRateScheduler      : Rabbit MQ time 11.7963 ms
2025-09-12T01:09:00.405+03:00  INFO 2728 --- [web] [scheduling-1] c.c.w.c.CoinExchangeRateService          : Saving in DB & CACHE  0.0369 ms
2025-09-12T01:09:00.408+03:00  INFO 2728 --- [web] [scheduling-1] c.c.w.c.s.CoinExchangeRateScheduler      : Scheduled job finished: exchange rates refreshed. Total duration: 390 ms
2025-09-12T01:09:30.019+03:00  INFO 2728 --- [web] [scheduling-1] c.c.w.c.CoinExchangeRateService          : No keys found to flush from Redis cache
2025-09-12T01:09:30.389+03:00 DEBUG 2728 --- [web] [scheduling-1] o.s.w.c.HttpMessageConverterExtractor    : Reading to [com.coinflux.web.coin_exchange_rate.client.coin_gecko.dtos.ExchangeRatesResponse]
2025-09-12T01:09:30.389+03:00  INFO 2728 --- [web] [scheduling-1] c.c.w.c.CoinExchangeRateService          : Fetching from CoinGecko takes 373.7376
2025-09-12T01:09:30.401+03:00  INFO 2728 --- [web] [scheduling-1] c.c.w.c.s.CoinExchangeRateScheduler      : Rabbit MQ time 7.1236 ms
2025-09-12T01:09:30.406+03:00  INFO 2728 --- [web] [scheduling-1] c.c.w.c.CoinExchangeRateService          : Saving in DB & CACHE  0.0503 ms
2025-09-12T01:09:30.408+03:00  INFO 2728 --- [web] [scheduling-1] c.c.w.c.s.CoinExchangeRateScheduler      : Scheduled job finished: exchange rates refreshed. Total duration: 389 ms
2025-09-12T01:10:00.003+03:00  INFO 2728 --- [web] [scheduling-1] c.c.w.c.CoinExchangeRateService          : No keys found to flush from Redis cache
2025-09-12T01:10:00.291+03:00 DEBUG 2728 --- [web] [scheduling-1] o.s.w.c.HttpMessageConverterExtractor    : Reading to [com.coinflux.web.coin_exchange_rate.client.coin_gecko.dtos.ExchangeRatesResponse]
2025-09-12T01:10:00.293+03:00  INFO 2728 --- [web] [scheduling-1] c.c.w.c.CoinExchangeRateService          : Fetching from CoinGecko takes 285.8263
2025-09-12T01:10:00.300+03:00  INFO 2728 --- [web] [scheduling-1] c.c.w.c.s.CoinExchangeRateScheduler      : Rabbit MQ time 6.0769 ms
2025-09-12T01:10:00.308+03:00  INFO 2728 --- [web] [scheduling-1] c.c.w.c.CoinExchangeRateService          : Saving in DB & CACHE  0.0219 ms
2025-09-12T01:10:00.308+03:00  INFO 2728 --- [web] [scheduling-1] c.c.w.c.s.CoinExchangeRateScheduler      : Scheduled job finished: exchange rates refreshed. Total duration: 305 ms
2025-09-12T01:10:30.019+03:00  INFO 2728 --- [web] [scheduling-1] c.c.w.c.CoinExchangeRateService          : No keys found to flush from Redis cache
2025-09-12T01:10:30.493+03:00 DEBUG 2728 --- [web] [scheduling-1] o.s.w.c.HttpMessageConverterExtractor    : Reading to [com.coinflux.web.coin_exchange_rate.client.coin_gecko.dtos.ExchangeRatesResponse]
2025-09-12T01:10:30.493+03:00  INFO 2728 --- [web] [scheduling-1] c.c.w.c.CoinExchangeRateService          : Fetching from CoinGecko takes 476.4046
2025-09-12T01:10:30.499+03:00  INFO 2728 --- [web] [scheduling-1] c.c.w.c.s.CoinExchangeRateScheduler      : Rabbit MQ time 2.8953 ms
2025-09-12T01:10:30.508+03:00  INFO 2728 --- [web] [scheduling-1] c.c.w.c.CoinExchangeRateService          : Saving in DB & CACHE  0.0258 ms
2025-09-12T01:10:30.513+03:00  INFO 2728 --- [web] [scheduling-1] c.c.w.c.s.CoinExchangeRateScheduler      : Scheduled job finished: exchange rates refreshed. Total duration: 494 ms
2025-09-12T01:11:00.013+03:00  INFO 2728 --- [web] [scheduling-1] c.c.w.c.CoinExchangeRateService          : No keys found to flush from Redis cache
2025-09-12T01:11:00.281+03:00 DEBUG 2728 --- [web] [scheduling-1] o.s.w.c.HttpMessageConverterExtractor    : Reading to [com.coinflux.web.coin_exchange_rate.client.coin_gecko.dtos.ExchangeRatesResponse]
2025-09-12T01:11:00.283+03:00  INFO 2728 --- [web] [scheduling-1] c.c.w.c.CoinExchangeRateService          : Fetching from CoinGecko takes 266.7111
2025-09-12T01:11:00.303+03:00  INFO 2728 --- [web] [scheduling-1] c.c.w.c.s.CoinExchangeRateScheduler      : Rabbit MQ time 17.9261 ms
2025-09-12T01:11:00.313+03:00  INFO 2728 --- [web] [scheduling-1] c.c.w.c.CoinExchangeRateService          : Saving in DB & CACHE  0.0994 ms
2025-09-12T01:11:00.317+03:00  INFO 2728 --- [web] [scheduling-1] c.c.w.c.s.CoinExchangeRateScheduler      : Scheduled job finished: exchange rates refreshed. Total duration: 303 ms
2025-09-12T01:11:30.016+03:00  INFO 2728 --- [web] [scheduling-1] c.c.w.c.CoinExchangeRateService          : No keys found to flush from Redis cache
2025-09-12T01:11:31.012+03:00 DEBUG 2728 --- [web] [scheduling-1] o.s.w.c.HttpMessageConverterExtractor    : Reading to [com.coinflux.web.coin_exchange_rate.client.coin_gecko.dtos.ExchangeRatesResponse]
2025-09-12T01:11:31.012+03:00  INFO 2728 --- [web] [scheduling-1] c.c.w.c.CoinExchangeRateService          : Fetching from CoinGecko takes 1002.0383
2025-09-12T01:11:31.045+03:00  INFO 2728 --- [web] [scheduling-1] c.c.w.c.s.CoinExchangeRateScheduler      : Rabbit MQ time 26.3869 ms
2025-09-12T01:11:31.066+03:00  INFO 2728 --- [web] [scheduling-1] c.c.w.c.CoinExchangeRateService          : Saving in DB & CACHE  0.1043 ms
2025-09-12T01:11:31.075+03:00  INFO 2728 --- [web] [scheduling-1] c.c.w.c.s.CoinExchangeRateScheduler      : Scheduled job finished: exchange rates refreshed. Total duration: 1058 ms
2025-09-12T01:12:00.006+03:00  INFO 2728 --- [web] [scheduling-1] c.c.w.c.CoinExchangeRateService          : No keys found to flush from Redis cache
2025-09-12T01:12:00.711+03:00 DEBUG 2728 --- [web] [scheduling-1] o.s.w.c.HttpMessageConverterExtractor    : Reading to [com.coinflux.web.coin_exchange_rate.client.coin_gecko.dtos.ExchangeRatesResponse]
2025-09-12T01:12:00.712+03:00  INFO 2728 --- [web] [scheduling-1] c.c.w.c.CoinExchangeRateService          : Fetching from CoinGecko takes 702.0006
2025-09-12T01:12:00.722+03:00  INFO 2728 --- [web] [scheduling-1] c.c.w.c.s.CoinExchangeRateScheduler      : Rabbit MQ time 9.3284 ms
2025-09-12T01:12:00.726+03:00  INFO 2728 --- [web] [scheduling-1] c.c.w.c.CoinExchangeRateService          : Saving in DB & CACHE  0.0406 ms
2025-09-12T01:12:00.729+03:00  INFO 2728 --- [web] [scheduling-1] c.c.w.c.s.CoinExchangeRateScheduler      : Scheduled job finished: exchange rates refreshed. Total duration: 723 ms
2025-09-12T01:12:30.017+03:00  INFO 2728 --- [web] [scheduling-1] c.c.w.c.CoinExchangeRateService          : No keys found to flush from Redis cache
2025-09-12T01:12:31.127+03:00 DEBUG 2728 --- [web] [scheduling-1] o.s.w.c.HttpMessageConverterExtractor    : Reading to [com.coinflux.web.coin_exchange_rate.client.coin_gecko.dtos.ExchangeRatesResponse]
2025-09-12T01:12:31.127+03:00  INFO 2728 --- [web] [scheduling-1] c.c.w.c.CoinExchangeRateService          : Fetching from CoinGecko takes 1111.5764
2025-09-12T01:12:31.138+03:00  INFO 2728 --- [web] [scheduling-1] c.c.w.c.s.CoinExchangeRateScheduler      : Rabbit MQ time 10.9352 ms
2025-09-12T01:12:31.148+03:00  INFO 2728 --- [web] [scheduling-1] c.c.w.c.CoinExchangeRateService          : Saving in DB & CACHE  0.0556 ms
2025-09-12T01:12:31.151+03:00  INFO 2728 --- [web] [scheduling-1] c.c.w.c.s.CoinExchangeRateScheduler      : Scheduled job finished: exchange rates refreshed. Total duration: 1134 ms
2025-09-12T01:13:00.011+03:00  INFO 2728 --- [web] [scheduling-1] c.c.w.c.CoinExchangeRateService          : No keys found to flush from Redis cache
2025-09-12T01:13:00.408+03:00 DEBUG 2728 --- [web] [scheduling-1] o.s.w.c.HttpMessageConverterExtractor    : Reading to [com.coinflux.web.coin_exchange_rate.client.coin_gecko.dtos.ExchangeRatesResponse]
2025-09-12T01:13:00.408+03:00  INFO 2728 --- [web] [scheduling-1] c.c.w.c.CoinExchangeRateService          : Fetching from CoinGecko takes 399.3312
2025-09-12T01:13:00.430+03:00  INFO 2728 --- [web] [scheduling-1] c.c.w.c.s.CoinExchangeRateScheduler      : Rabbit MQ time 20.0742 ms
2025-09-12T01:13:00.437+03:00  INFO 2728 --- [web] [scheduling-1] c.c.w.c.CoinExchangeRateService          : Saving in DB & CACHE  0.0449 ms
2025-09-12T01:13:00.438+03:00  INFO 2728 --- [web] [scheduling-1] c.c.w.c.s.CoinExchangeRateScheduler      : Scheduled job finished: exchange rates refreshed. Total duration: 427 ms
2025-09-12T01:13:30.005+03:00  INFO 2728 --- [web] [scheduling-1] c.c.w.c.CoinExchangeRateService          : No keys found to flush from Redis cache
2025-09-12T01:13:30.308+03:00 DEBUG 2728 --- [web] [scheduling-1] o.s.w.c.HttpMessageConverterExtractor    : Reading to [com.coinflux.web.coin_exchange_rate.client.coin_gecko.dtos.ExchangeRatesResponse]
2025-09-12T01:13:30.308+03:00  INFO 2728 --- [web] [scheduling-1] c.c.w.c.CoinExchangeRateService          : Fetching from CoinGecko takes 305.9613
2025-09-12T01:13:30.318+03:00  INFO 2728 --- [web] [scheduling-1] c.c.w.c.s.CoinExchangeRateScheduler      : Rabbit MQ time 6.84 ms
2025-09-12T01:13:30.344+03:00  INFO 2728 --- [web] [scheduling-1] c.c.w.c.CoinExchangeRateService          : Saving in DB & CACHE  0.0468 ms
2025-09-12T01:13:30.352+03:00  INFO 2728 --- [web] [scheduling-1] c.c.w.c.s.CoinExchangeRateScheduler      : Scheduled job finished: exchange rates refreshed. Total duration: 347 ms
2025-09-12T01:14:00.004+03:00  INFO 2728 --- [web] [scheduling-1] c.c.w.c.CoinExchangeRateService          : No keys found to flush from Redis cache
2025-09-12T01:14:00.294+03:00 DEBUG 2728 --- [web] [scheduling-1] o.s.w.c.HttpMessageConverterExtractor    : Reading to [com.coinflux.web.coin_exchange_rate.client.coin_gecko.dtos.ExchangeRatesResponse]
2025-09-12T01:14:00.294+03:00  INFO 2728 --- [web] [scheduling-1] c.c.w.c.CoinExchangeRateService          : Fetching from CoinGecko takes 292.1925
2025-09-12T01:14:00.309+03:00  INFO 2728 --- [web] [scheduling-1] c.c.w.c.s.CoinExchangeRateScheduler      : Rabbit MQ time 10.503 ms
2025-09-12T01:14:00.315+03:00  INFO 2728 --- [web] [scheduling-1] c.c.w.c.CoinExchangeRateService          : Saving in DB & CACHE  0.0311 ms
2025-09-12T01:14:00.317+03:00  INFO 2728 --- [web] [scheduling-1] c.c.w.c.s.CoinExchangeRateScheduler      : Scheduled job finished: exchange rates refreshed. Total duration: 313 ms
2025-09-12T01:14:30.021+03:00  INFO 2728 --- [web] [scheduling-1] c.c.w.c.CoinExchangeRateService          : No keys found to flush from Redis cache
2025-09-12T01:14:30.311+03:00 DEBUG 2728 --- [web] [scheduling-1] o.s.w.c.HttpMessageConverterExtractor    : Reading to [com.coinflux.web.coin_exchange_rate.client.coin_gecko.dtos.ExchangeRatesResponse]
2025-09-12T01:14:30.319+03:00  INFO 2728 --- [web] [scheduling-1] c.c.w.c.CoinExchangeRateService          : Fetching from CoinGecko takes 296.6605
2025-09-12T01:14:30.332+03:00  INFO 2728 --- [web] [scheduling-1] c.c.w.c.s.CoinExchangeRateScheduler      : Rabbit MQ time 11.1059 ms
2025-09-12T01:14:30.337+03:00  INFO 2728 --- [web] [scheduling-1] c.c.w.c.CoinExchangeRateService          : Saving in DB & CACHE  0.0296 ms
2025-09-12T01:14:30.338+03:00  INFO 2728 --- [web] [scheduling-1] c.c.w.c.s.CoinExchangeRateScheduler      : Scheduled job finished: exchange rates refreshed. Total duration: 317 ms
2025-09-12T01:15:00.008+03:00  INFO 2728 --- [web] [scheduling-1] c.c.w.c.CoinExchangeRateService          : No keys found to flush from Redis cache
2025-09-12T01:15:00.323+03:00 DEBUG 2728 --- [web] [scheduling-1] o.s.w.c.HttpMessageConverterExtractor    : Reading to [com.coinflux.web.coin_exchange_rate.client.coin_gecko.dtos.ExchangeRatesResponse]
2025-09-12T01:15:00.325+03:00  INFO 2728 --- [web] [scheduling-1] c.c.w.c.CoinExchangeRateService          : Fetching from CoinGecko takes 315.1946
2025-09-12T01:15:00.332+03:00  INFO 2728 --- [web] [scheduling-1] c.c.w.c.s.CoinExchangeRateScheduler      : Rabbit MQ time 7.2863 ms
2025-09-12T01:15:00.339+03:00  INFO 2728 --- [web] [scheduling-1] c.c.w.c.CoinExchangeRateService          : Saving in DB & CACHE  0.041 ms
2025-09-12T01:15:00.341+03:00  INFO 2728 --- [web] [scheduling-1] c.c.w.c.s.CoinExchangeRateScheduler      : Scheduled job finished: exchange rates refreshed. Total duration: 333 ms
2025-09-12T01:15:30.016+03:00  INFO 2728 --- [web] [scheduling-1] c.c.w.c.CoinExchangeRateService          : No keys found to flush from Redis cache
2025-09-12T01:15:30.310+03:00 DEBUG 2728 --- [web] [scheduling-1] o.s.w.c.HttpMessageConverterExtractor    : Reading to [com.coinflux.web.coin_exchange_rate.client.coin_gecko.dtos.ExchangeRatesResponse]
2025-09-12T01:15:30.315+03:00  INFO 2728 --- [web] [scheduling-1] c.c.w.c.CoinExchangeRateService          : Fetching from CoinGecko takes 295.8615
2025-09-12T01:15:30.326+03:00  INFO 2728 --- [web] [scheduling-1] c.c.w.c.s.CoinExchangeRateScheduler      : Rabbit MQ time 11.5746 ms
2025-09-12T01:15:30.331+03:00  INFO 2728 --- [web] [scheduling-1] c.c.w.c.CoinExchangeRateService          : Saving in DB & CACHE  0.0808 ms
2025-09-12T01:15:30.336+03:00  INFO 2728 --- [web] [scheduling-1] c.c.w.c.s.CoinExchangeRateScheduler      : Scheduled job finished: exchange rates refreshed. Total duration: 320 ms
2025-09-12T01:16:00.006+03:00  INFO 2728 --- [web] [scheduling-1] c.c.w.c.CoinExchangeRateService          : No keys found to flush from Redis cache
2025-09-12T01:16:00.327+03:00 DEBUG 2728 --- [web] [scheduling-1] o.s.w.c.HttpMessageConverterExtractor    : Reading to [com.coinflux.web.coin_exchange_rate.client.coin_gecko.dtos.ExchangeRatesResponse]
2025-09-12T01:16:00.329+03:00  INFO 2728 --- [web] [scheduling-1] c.c.w.c.CoinExchangeRateService          : Fetching from CoinGecko takes 323.0128
2025-09-12T01:16:00.334+03:00  INFO 2728 --- [web] [scheduling-1] c.c.w.c.s.CoinExchangeRateScheduler      : Rabbit MQ time 4.7305 ms
2025-09-12T01:16:00.337+03:00  INFO 2728 --- [web] [scheduling-1] c.c.w.c.CoinExchangeRateService          : Saving in DB & CACHE  0.0356 ms
2025-09-12T01:16:00.337+03:00  INFO 2728 --- [web] [scheduling-1] c.c.w.c.s.CoinExchangeRateScheduler      : Scheduled job finished: exchange rates refreshed. Total duration: 331 ms
2025-09-12T01:16:30.009+03:00  INFO 2728 --- [web] [scheduling-1] c.c.w.c.CoinExchangeRateService          : No keys found to flush from Redis cache
2025-09-12T01:16:30.326+03:00 DEBUG 2728 --- [web] [scheduling-1] o.s.w.c.HttpMessageConverterExtractor    : Reading to [com.coinflux.web.coin_exchange_rate.client.coin_gecko.dtos.ExchangeRatesResponse]
2025-09-12T01:16:30.337+03:00  INFO 2728 --- [web] [scheduling-1] c.c.w.c.CoinExchangeRateService          : Fetching from CoinGecko takes 327.8614
2025-09-12T01:16:30.346+03:00  INFO 2728 --- [web] [scheduling-1] c.c.w.c.s.CoinExchangeRateScheduler      : Rabbit MQ time 8.8144 ms
2025-09-12T01:16:30.350+03:00  INFO 2728 --- [web] [scheduling-1] c.c.w.c.CoinExchangeRateService          : Saving in DB & CACHE  0.0418 ms
2025-09-12T01:16:30.352+03:00  INFO 2728 --- [web] [scheduling-1] c.c.w.c.s.CoinExchangeRateScheduler      : Scheduled job finished: exchange rates refreshed. Total duration: 343 ms
2025-09-12T01:17:00.014+03:00  INFO 2728 --- [web] [scheduling-1] c.c.w.c.CoinExchangeRateService          : No keys found to flush from Redis cache
2025-09-12T01:17:00.269+03:00 DEBUG 2728 --- [web] [scheduling-1] o.s.w.c.HttpMessageConverterExtractor    : Reading to [com.coinflux.web.coin_exchange_rate.client.coin_gecko.dtos.ExchangeRatesResponse]
2025-09-12T01:17:00.272+03:00  INFO 2728 --- [web] [scheduling-1] c.c.w.c.CoinExchangeRateService          : Fetching from CoinGecko takes 257.0993
2025-09-12T01:17:00.286+03:00  INFO 2728 --- [web] [scheduling-1] c.c.w.c.s.CoinExchangeRateScheduler      : Rabbit MQ time 14.4141 ms
2025-09-12T01:17:00.293+03:00  INFO 2728 --- [web] [scheduling-1] c.c.w.c.CoinExchangeRateService          : Saving in DB & CACHE  0.0525 ms
2025-09-12T01:17:00.296+03:00  INFO 2728 --- [web] [scheduling-1] c.c.w.c.s.CoinExchangeRateScheduler      : Scheduled job finished: exchange rates refreshed. Total duration: 282 ms
2025-09-12T01:17:30.005+03:00  INFO 2728 --- [web] [scheduling-1] c.c.w.c.CoinExchangeRateService          : No keys found to flush from Redis cache
2025-09-12T01:17:30.543+03:00 DEBUG 2728 --- [web] [scheduling-1] o.s.w.c.HttpMessageConverterExtractor    : Reading to [com.coinflux.web.coin_exchange_rate.client.coin_gecko.dtos.ExchangeRatesResponse]
2025-09-12T01:17:30.543+03:00  INFO 2728 --- [web] [scheduling-1] c.c.w.c.CoinExchangeRateService          : Fetching from CoinGecko takes 543.2711
2025-09-12T01:17:30.560+03:00  INFO 2728 --- [web] [scheduling-1] c.c.w.c.s.CoinExchangeRateScheduler      : Rabbit MQ time 11.0684 ms
2025-09-12T01:17:30.568+03:00  INFO 2728 --- [web] [scheduling-1] c.c.w.c.CoinExchangeRateService          : Saving in DB & CACHE  0.0741 ms
2025-09-12T01:17:30.572+03:00  INFO 2728 --- [web] [scheduling-1] c.c.w.c.s.CoinExchangeRateScheduler      : Scheduled job finished: exchange rates refreshed. Total duration: 567 ms
2025-09-12T01:18:00.011+03:00  INFO 2728 --- [web] [scheduling-1] c.c.w.c.CoinExchangeRateService          : No keys found to flush from Redis cache
2025-09-12T01:18:00.344+03:00 DEBUG 2728 --- [web] [scheduling-1] o.s.w.c.HttpMessageConverterExtractor    : Reading to [com.coinflux.web.coin_exchange_rate.client.coin_gecko.dtos.ExchangeRatesResponse]
2025-09-12T01:18:00.347+03:00  INFO 2728 --- [web] [scheduling-1] c.c.w.c.CoinExchangeRateService          : Fetching from CoinGecko takes 336.4822
2025-09-12T01:18:00.364+03:00  INFO 2728 --- [web] [scheduling-1] c.c.w.c.s.CoinExchangeRateScheduler      : Rabbit MQ time 16.5246 ms
2025-09-12T01:18:00.372+03:00  INFO 2728 --- [web] [scheduling-1] c.c.w.c.CoinExchangeRateService          : Saving in DB & CACHE  0.0686 ms
2025-09-12T01:18:00.375+03:00  INFO 2728 --- [web] [scheduling-1] c.c.w.c.s.CoinExchangeRateScheduler      : Scheduled job finished: exchange rates refreshed. Total duration: 364 ms
2025-09-12T01:18:30.015+03:00  INFO 2728 --- [web] [scheduling-1] c.c.w.c.CoinExchangeRateService          : No keys found to flush from Redis cache
2025-09-12T01:18:30.346+03:00 DEBUG 2728 --- [web] [scheduling-1] o.s.w.c.HttpMessageConverterExtractor    : Reading to [com.coinflux.web.coin_exchange_rate.client.coin_gecko.dtos.ExchangeRatesResponse]
2025-09-12T01:18:30.348+03:00  INFO 2728 --- [web] [scheduling-1] c.c.w.c.CoinExchangeRateService          : Fetching from CoinGecko takes 328.9007
2025-09-12T01:18:30.353+03:00  INFO 2728 --- [web] [scheduling-1] c.c.w.c.s.CoinExchangeRateScheduler      : Rabbit MQ time 4.6689 ms
2025-09-12T01:18:30.357+03:00  INFO 2728 --- [web] [scheduling-1] c.c.w.c.CoinExchangeRateService          : Saving in DB & CACHE  0.0356 ms
2025-09-12T01:18:30.359+03:00  INFO 2728 --- [web] [scheduling-1] c.c.w.c.s.CoinExchangeRateScheduler      : Scheduled job finished: exchange rates refreshed. Total duration: 344 ms
2025-09-12T01:19:00.017+03:00  INFO 2728 --- [web] [scheduling-1] c.c.w.c.CoinExchangeRateService          : No keys found to flush from Redis cache
2025-09-12T01:19:00.450+03:00 DEBUG 2728 --- [web] [scheduling-1] o.s.w.c.HttpMessageConverterExtractor    : Reading to [com.coinflux.web.coin_exchange_rate.client.coin_gecko.dtos.ExchangeRatesResponse]
2025-09-12T01:19:00.454+03:00  INFO 2728 --- [web] [scheduling-1] c.c.w.c.CoinExchangeRateService          : Fetching from CoinGecko takes 438.5935
2025-09-12T01:19:00.469+03:00  INFO 2728 --- [web] [scheduling-1] c.c.w.c.s.CoinExchangeRateScheduler      : Rabbit MQ time 13.3915 ms
2025-09-12T01:19:00.474+03:00  INFO 2728 --- [web] [scheduling-1] c.c.w.c.CoinExchangeRateService          : Saving in DB & CACHE  0.0328 ms
2025-09-12T01:19:00.476+03:00  INFO 2728 --- [web] [scheduling-1] c.c.w.c.s.CoinExchangeRateScheduler      : Scheduled job finished: exchange rates refreshed. Total duration: 459 ms
2025-09-12T01:19:30.015+03:00  INFO 2728 --- [web] [scheduling-1] c.c.w.c.CoinExchangeRateService          : No keys found to flush from Redis cache
2025-09-12T01:19:30.450+03:00 DEBUG 2728 --- [web] [scheduling-1] o.s.w.c.HttpMessageConverterExtractor    : Reading to [com.coinflux.web.coin_exchange_rate.client.coin_gecko.dtos.ExchangeRatesResponse]
2025-09-12T01:19:30.450+03:00  INFO 2728 --- [web] [scheduling-1] c.c.w.c.CoinExchangeRateService          : Fetching from CoinGecko takes 436.8149
2025-09-12T01:19:30.456+03:00  INFO 2728 --- [web] [scheduling-1] c.c.w.c.s.CoinExchangeRateScheduler      : Rabbit MQ time 3.5026 ms
2025-09-12T01:19:30.460+03:00  INFO 2728 --- [web] [scheduling-1] c.c.w.c.CoinExchangeRateService          : Saving in DB & CACHE  0.0384 ms
2025-09-12T01:19:30.461+03:00  INFO 2728 --- [web] [scheduling-1] c.c.w.c.s.CoinExchangeRateScheduler      : Scheduled job finished: exchange rates refreshed. Total duration: 446 ms
2025-09-12T01:20:00.015+03:00  INFO 2728 --- [web] [scheduling-1] c.c.w.c.CoinExchangeRateService          : No keys found to flush from Redis cache
2025-09-12T01:20:00.459+03:00 DEBUG 2728 --- [web] [scheduling-1] o.s.w.c.HttpMessageConverterExtractor    : Reading to [com.coinflux.web.coin_exchange_rate.client.coin_gecko.dtos.ExchangeRatesResponse]
2025-09-12T01:20:00.461+03:00  INFO 2728 --- [web] [scheduling-1] c.c.w.c.CoinExchangeRateService          : Fetching from CoinGecko takes 446.729
2025-09-12T01:20:00.478+03:00  INFO 2728 --- [web] [scheduling-1] c.c.w.c.s.CoinExchangeRateScheduler      : Rabbit MQ time 16.3122 ms
2025-09-12T01:20:00.484+03:00  INFO 2728 --- [web] [scheduling-1] c.c.w.c.CoinExchangeRateService          : Saving in DB & CACHE  0.0511 ms
2025-09-12T01:20:00.487+03:00  INFO 2728 --- [web] [scheduling-1] c.c.w.c.s.CoinExchangeRateScheduler      : Scheduled job finished: exchange rates refreshed. Total duration: 472 ms
2025-09-12T01:20:30.008+03:00  INFO 2728 --- [web] [scheduling-1] c.c.w.c.CoinExchangeRateService          : No keys found to flush from Redis cache
2025-09-12T01:20:30.352+03:00 DEBUG 2728 --- [web] [scheduling-1] o.s.w.c.HttpMessageConverterExtractor    : Reading to [com.coinflux.web.coin_exchange_rate.client.coin_gecko.dtos.ExchangeRatesResponse]
2025-09-12T01:20:30.361+03:00  INFO 2728 --- [web] [scheduling-1] c.c.w.c.CoinExchangeRateService          : Fetching from CoinGecko takes 353.4798
2025-09-12T01:20:30.364+03:00  INFO 2728 --- [web] [scheduling-1] c.c.w.c.s.CoinExchangeRateScheduler      : Rabbit MQ time 2.6694 ms
2025-09-12T01:20:30.380+03:00  INFO 2728 --- [web] [scheduling-1] c.c.w.c.CoinExchangeRateService          : Saving in DB & CACHE  0.0499 ms
2025-09-12T01:20:30.382+03:00  INFO 2728 --- [web] [scheduling-1] c.c.w.c.s.CoinExchangeRateScheduler      : Scheduled job finished: exchange rates refreshed. Total duration: 374 ms
2025-09-12T01:21:00.011+03:00  INFO 2728 --- [web] [scheduling-1] c.c.w.c.CoinExchangeRateService          : No keys found to flush from Redis cache
2025-09-12T01:21:00.364+03:00 DEBUG 2728 --- [web] [scheduling-1] o.s.w.c.HttpMessageConverterExtractor    : Reading to [com.coinflux.web.coin_exchange_rate.client.coin_gecko.dtos.ExchangeRatesResponse]
2025-09-12T01:21:00.364+03:00  INFO 2728 --- [web] [scheduling-1] c.c.w.c.CoinExchangeRateService          : Fetching from CoinGecko takes 355.4033
2025-09-12T01:21:00.375+03:00  INFO 2728 --- [web] [scheduling-1] c.c.w.c.s.CoinExchangeRateScheduler      : Rabbit MQ time 9.0271 ms
2025-09-12T01:21:00.382+03:00  INFO 2728 --- [web] [scheduling-1] c.c.w.c.CoinExchangeRateService          : Saving in DB & CACHE  0.0918 ms
2025-09-12T01:21:00.383+03:00  INFO 2728 --- [web] [scheduling-1] c.c.w.c.s.CoinExchangeRateScheduler      : Scheduled job finished: exchange rates refreshed. Total duration: 372 ms
2025-09-12T01:21:30.012+03:00  INFO 2728 --- [web] [scheduling-1] c.c.w.c.CoinExchangeRateService          : No keys found to flush from Redis cache
2025-09-12T01:21:30.467+03:00 DEBUG 2728 --- [web] [scheduling-1] o.s.w.c.HttpMessageConverterExtractor    : Reading to [com.coinflux.web.coin_exchange_rate.client.coin_gecko.dtos.ExchangeRatesResponse]
2025-09-12T01:21:30.467+03:00  INFO 2728 --- [web] [scheduling-1] c.c.w.c.CoinExchangeRateService          : Fetching from CoinGecko takes 456.6793
2025-09-12T01:21:30.483+03:00  INFO 2728 --- [web] [scheduling-1] c.c.w.c.s.CoinExchangeRateScheduler      : Rabbit MQ time 14.1098 ms
2025-09-12T01:21:30.488+03:00  INFO 2728 --- [web] [scheduling-1] c.c.w.c.CoinExchangeRateService          : Saving in DB & CACHE  0.0388 ms
2025-09-12T01:21:30.490+03:00  INFO 2728 --- [web] [scheduling-1] c.c.w.c.s.CoinExchangeRateScheduler      : Scheduled job finished: exchange rates refreshed. Total duration: 478 ms
2025-09-12T01:22:00.010+03:00  INFO 2728 --- [web] [scheduling-1] c.c.w.c.CoinExchangeRateService          : No keys found to flush from Redis cache
2025-09-12T01:22:00.577+03:00 DEBUG 2728 --- [web] [scheduling-1] o.s.w.c.HttpMessageConverterExtractor    : Reading to [com.coinflux.web.coin_exchange_rate.client.coin_gecko.dtos.ExchangeRatesResponse]
2025-09-12T01:22:00.605+03:00  INFO 2728 --- [web] [scheduling-1] c.c.w.c.CoinExchangeRateService          : Fetching from CoinGecko takes 595.5211
2025-09-12T01:22:00.620+03:00  INFO 2728 --- [web] [scheduling-1] c.c.w.c.s.CoinExchangeRateScheduler      : Rabbit MQ time 12.7618 ms
2025-09-12T01:22:00.626+03:00  INFO 2728 --- [web] [scheduling-1] c.c.w.c.CoinExchangeRateService          : Saving in DB & CACHE  0.0403 ms
2025-09-12T01:22:00.627+03:00  INFO 2728 --- [web] [scheduling-1] c.c.w.c.s.CoinExchangeRateScheduler      : Scheduled job finished: exchange rates refreshed. Total duration: 617 ms
2025-09-12T01:22:30.010+03:00  INFO 2728 --- [web] [scheduling-1] c.c.w.c.CoinExchangeRateService          : No keys found to flush from Redis cache
2025-09-12T01:22:30.374+03:00 DEBUG 2728 --- [web] [scheduling-1] o.s.w.c.HttpMessageConverterExtractor    : Reading to [com.coinflux.web.coin_exchange_rate.client.coin_gecko.dtos.ExchangeRatesResponse]
2025-09-12T01:22:30.377+03:00  INFO 2728 --- [web] [scheduling-1] c.c.w.c.CoinExchangeRateService          : Fetching from CoinGecko takes 366.6155
2025-09-12T01:22:30.388+03:00  INFO 2728 --- [web] [scheduling-1] c.c.w.c.s.CoinExchangeRateScheduler      : Rabbit MQ time 11.1179 ms
2025-09-12T01:22:30.394+03:00  INFO 2728 --- [web] [scheduling-1] c.c.w.c.CoinExchangeRateService          : Saving in DB & CACHE  0.0208 ms
2025-09-12T01:22:30.396+03:00  INFO 2728 --- [web] [scheduling-1] c.c.w.c.s.CoinExchangeRateScheduler      : Scheduled job finished: exchange rates refreshed. Total duration: 386 ms
2025-09-12T01:23:00.013+03:00  INFO 2728 --- [web] [scheduling-1] c.c.w.c.CoinExchangeRateService          : No keys found to flush from Redis cache
2025-09-12T01:23:00.584+03:00 DEBUG 2728 --- [web] [scheduling-1] o.s.w.c.HttpMessageConverterExtractor    : Reading to [com.coinflux.web.coin_exchange_rate.client.coin_gecko.dtos.ExchangeRatesResponse]
2025-09-12T01:23:00.586+03:00  INFO 2728 --- [web] [scheduling-1] c.c.w.c.CoinExchangeRateService          : Fetching from CoinGecko takes 573.2461
2025-09-12T01:23:00.600+03:00  INFO 2728 --- [web] [scheduling-1] c.c.w.c.s.CoinExchangeRateScheduler      : Rabbit MQ time 13.3948 ms
2025-09-12T01:23:00.605+03:00  INFO 2728 --- [web] [scheduling-1] c.c.w.c.CoinExchangeRateService          : Saving in DB & CACHE  0.0245 ms
2025-09-12T01:23:00.607+03:00  INFO 2728 --- [web] [scheduling-1] c.c.w.c.s.CoinExchangeRateScheduler      : Scheduled job finished: exchange rates refreshed. Total duration: 594 ms
2025-09-12T01:23:30.022+03:00  INFO 2728 --- [web] [scheduling-1] c.c.w.c.CoinExchangeRateService          : No keys found to flush from Redis cache
2025-09-12T01:23:30.486+03:00 DEBUG 2728 --- [web] [scheduling-1] o.s.w.c.HttpMessageConverterExtractor    : Reading to [com.coinflux.web.coin_exchange_rate.client.coin_gecko.dtos.ExchangeRatesResponse]
2025-09-12T01:23:30.487+03:00  INFO 2728 --- [web] [scheduling-1] c.c.w.c.CoinExchangeRateService          : Fetching from CoinGecko takes 466.059
2025-09-12T01:23:30.496+03:00  INFO 2728 --- [web] [scheduling-1] c.c.w.c.s.CoinExchangeRateScheduler      : Rabbit MQ time 6.9754 ms
2025-09-12T01:23:30.504+03:00  INFO 2728 --- [web] [scheduling-1] c.c.w.c.CoinExchangeRateService          : Saving in DB & CACHE  0.0207 ms
2025-09-12T01:23:30.506+03:00  INFO 2728 --- [web] [scheduling-1] c.c.w.c.s.CoinExchangeRateScheduler      : Scheduled job finished: exchange rates refreshed. Total duration: 484 ms
2025-09-12T01:24:00.008+03:00  INFO 2728 --- [web] [scheduling-1] c.c.w.c.CoinExchangeRateService          : No keys found to flush from Redis cache
2025-09-12T01:24:00.688+03:00 DEBUG 2728 --- [web] [scheduling-1] o.s.w.c.HttpMessageConverterExtractor    : Reading to [com.coinflux.web.coin_exchange_rate.client.coin_gecko.dtos.ExchangeRatesResponse]
2025-09-12T01:24:00.692+03:00  INFO 2728 --- [web] [scheduling-1] c.c.w.c.CoinExchangeRateService          : Fetching from CoinGecko takes 682.9488
2025-09-12T01:24:00.701+03:00  INFO 2728 --- [web] [scheduling-1] c.c.w.c.s.CoinExchangeRateScheduler      : Rabbit MQ time 9.0705 ms
2025-09-12T01:24:00.706+03:00  INFO 2728 --- [web] [scheduling-1] c.c.w.c.CoinExchangeRateService          : Saving in DB & CACHE  0.0221 ms
2025-09-12T01:24:00.707+03:00  INFO 2728 --- [web] [scheduling-1] c.c.w.c.s.CoinExchangeRateScheduler      : Scheduled job finished: exchange rates refreshed. Total duration: 698 ms
2025-09-12T01:24:30.015+03:00  INFO 2728 --- [web] [scheduling-1] c.c.w.c.CoinExchangeRateService          : No keys found to flush from Redis cache
2025-09-12T01:24:30.376+03:00 DEBUG 2728 --- [web] [scheduling-1] o.s.w.c.HttpMessageConverterExtractor    : Reading to [com.coinflux.web.coin_exchange_rate.client.coin_gecko.dtos.ExchangeRatesResponse]
2025-09-12T01:24:30.376+03:00  INFO 2728 --- [web] [scheduling-1] c.c.w.c.CoinExchangeRateService          : Fetching from CoinGecko takes 363.1221
2025-09-12T01:24:30.384+03:00  INFO 2728 --- [web] [scheduling-1] c.c.w.c.s.CoinExchangeRateScheduler      : Rabbit MQ time 5.4949 ms
2025-09-12T01:24:30.388+03:00  INFO 2728 --- [web] [scheduling-1] c.c.w.c.CoinExchangeRateService          : Saving in DB & CACHE  0.0374 ms
2025-09-12T01:24:30.389+03:00  INFO 2728 --- [web] [scheduling-1] c.c.w.c.s.CoinExchangeRateScheduler      : Scheduled job finished: exchange rates refreshed. Total duration: 374 ms
2025-09-12T01:25:00.014+03:00  INFO 2728 --- [web] [scheduling-1] c.c.w.c.CoinExchangeRateService          : No keys found to flush from Redis cache
2025-09-12T01:25:00.489+03:00 DEBUG 2728 --- [web] [scheduling-1] o.s.w.c.HttpMessageConverterExtractor    : Reading to [com.coinflux.web.coin_exchange_rate.client.coin_gecko.dtos.ExchangeRatesResponse]
2025-09-12T01:25:00.494+03:00  INFO 2728 --- [web] [scheduling-1] c.c.w.c.CoinExchangeRateService          : Fetching from CoinGecko takes 478.7325
2025-09-12T01:25:00.506+03:00  INFO 2728 --- [web] [scheduling-1] c.c.w.c.s.CoinExchangeRateScheduler      : Rabbit MQ time 11.2927 ms
2025-09-12T01:25:00.511+03:00  INFO 2728 --- [web] [scheduling-1] c.c.w.c.CoinExchangeRateService          : Saving in DB & CACHE  0.0376 ms
2025-09-12T01:25:00.513+03:00  INFO 2728 --- [web] [scheduling-1] c.c.w.c.s.CoinExchangeRateScheduler      : Scheduled job finished: exchange rates refreshed. Total duration: 499 ms
2025-09-12T01:25:30.021+03:00  INFO 2728 --- [web] [scheduling-1] c.c.w.c.CoinExchangeRateService          : No keys found to flush from Redis cache
2025-09-12T01:25:30.397+03:00 DEBUG 2728 --- [web] [scheduling-1] o.s.w.c.HttpMessageConverterExtractor    : Reading to [com.coinflux.web.coin_exchange_rate.client.coin_gecko.dtos.ExchangeRatesResponse]
2025-09-12T01:25:30.398+03:00  INFO 2728 --- [web] [scheduling-1] c.c.w.c.CoinExchangeRateService          : Fetching from CoinGecko takes 376.828
2025-09-12T01:25:30.404+03:00  INFO 2728 --- [web] [scheduling-1] c.c.w.c.s.CoinExchangeRateScheduler      : Rabbit MQ time 5.5899 ms
2025-09-12T01:25:30.408+03:00  INFO 2728 --- [web] [scheduling-1] c.c.w.c.CoinExchangeRateService          : Saving in DB & CACHE  0.0377 ms
2025-09-12T01:25:30.411+03:00  INFO 2728 --- [web] [scheduling-1] c.c.w.c.s.CoinExchangeRateScheduler      : Scheduled job finished: exchange rates refreshed. Total duration: 390 ms
2025-09-12T01:26:00.015+03:00  INFO 2728 --- [web] [scheduling-1] c.c.w.c.CoinExchangeRateService          : No keys found to flush from Redis cache
2025-09-12T01:26:00.395+03:00 DEBUG 2728 --- [web] [scheduling-1] o.s.w.c.HttpMessageConverterExtractor    : Reading to [com.coinflux.web.coin_exchange_rate.client.coin_gecko.dtos.ExchangeRatesResponse]
2025-09-12T01:26:00.395+03:00  INFO 2728 --- [web] [scheduling-1] c.c.w.c.CoinExchangeRateService          : Fetching from CoinGecko takes 381.2267
2025-09-12T01:26:00.415+03:00  INFO 2728 --- [web] [scheduling-1] c.c.w.c.s.CoinExchangeRateScheduler      : Rabbit MQ time 12.7471 ms
2025-09-12T01:26:00.419+03:00  INFO 2728 --- [web] [scheduling-1] c.c.w.c.CoinExchangeRateService          : Saving in DB & CACHE  0.0385 ms
2025-09-12T01:26:00.421+03:00  INFO 2728 --- [web] [scheduling-1] c.c.w.c.s.CoinExchangeRateScheduler      : Scheduled job finished: exchange rates refreshed. Total duration: 406 ms
2025-09-12T01:26:30.018+03:00  INFO 2728 --- [web] [scheduling-1] c.c.w.c.CoinExchangeRateService          : No keys found to flush from Redis cache
2025-09-12T01:26:30.299+03:00 DEBUG 2728 --- [web] [scheduling-1] o.s.w.c.HttpMessageConverterExtractor    : Reading to [com.coinflux.web.coin_exchange_rate.client.coin_gecko.dtos.ExchangeRatesResponse]
2025-09-12T01:26:30.299+03:00  INFO 2728 --- [web] [scheduling-1] c.c.w.c.CoinExchangeRateService          : Fetching from CoinGecko takes 279.3282
2025-09-12T01:26:30.305+03:00  INFO 2728 --- [web] [scheduling-1] c.c.w.c.s.CoinExchangeRateScheduler      : Rabbit MQ time 6.4262 ms
2025-09-12T01:26:30.310+03:00  INFO 2728 --- [web] [scheduling-1] c.c.w.c.CoinExchangeRateService          : Saving in DB & CACHE  0.0243 ms
2025-09-12T01:26:30.311+03:00  INFO 2728 --- [web] [scheduling-1] c.c.w.c.s.CoinExchangeRateScheduler      : Scheduled job finished: exchange rates refreshed. Total duration: 293 ms
2025-09-12T01:27:00.016+03:00  INFO 2728 --- [web] [scheduling-1] c.c.w.c.CoinExchangeRateService          : No keys found to flush from Redis cache
2025-09-12T01:27:00.403+03:00 DEBUG 2728 --- [web] [scheduling-1] o.s.w.c.HttpMessageConverterExtractor    : Reading to [com.coinflux.web.coin_exchange_rate.client.coin_gecko.dtos.ExchangeRatesResponse]
2025-09-12T01:27:00.407+03:00  INFO 2728 --- [web] [scheduling-1] c.c.w.c.CoinExchangeRateService          : Fetching from CoinGecko takes 391.034
2025-09-12T01:27:00.415+03:00  INFO 2728 --- [web] [scheduling-1] c.c.w.c.s.CoinExchangeRateScheduler      : Rabbit MQ time 7.7855 ms
2025-09-12T01:27:00.419+03:00  INFO 2728 --- [web] [scheduling-1] c.c.w.c.CoinExchangeRateService          : Saving in DB & CACHE  0.0316 ms
2025-09-12T01:27:00.420+03:00  INFO 2728 --- [web] [scheduling-1] c.c.w.c.s.CoinExchangeRateScheduler      : Scheduled job finished: exchange rates refreshed. Total duration: 404 ms
2025-09-12T01:27:30.014+03:00  INFO 2728 --- [web] [scheduling-1] c.c.w.c.CoinExchangeRateService          : No keys found to flush from Redis cache
2025-09-12T01:27:30.399+03:00 DEBUG 2728 --- [web] [scheduling-1] o.s.w.c.HttpMessageConverterExtractor    : Reading to [com.coinflux.web.coin_exchange_rate.client.coin_gecko.dtos.ExchangeRatesResponse]
2025-09-12T01:27:30.399+03:00  INFO 2728 --- [web] [scheduling-1] c.c.w.c.CoinExchangeRateService          : Fetching from CoinGecko takes 394.0232
2025-09-12T01:27:30.420+03:00  INFO 2728 --- [web] [scheduling-1] c.c.w.c.s.CoinExchangeRateScheduler      : Rabbit MQ time 12.0826 ms
2025-09-12T01:27:30.428+03:00  INFO 2728 --- [web] [scheduling-1] c.c.w.c.CoinExchangeRateService          : Saving in DB & CACHE  0.0607 ms
2025-09-12T01:27:30.430+03:00  INFO 2728 --- [web] [scheduling-1] c.c.w.c.s.CoinExchangeRateScheduler      : Scheduled job finished: exchange rates refreshed. Total duration: 416 ms
2025-09-12T01:28:00.018+03:00  INFO 2728 --- [web] [scheduling-1] c.c.w.c.CoinExchangeRateService          : No keys found to flush from Redis cache
2025-09-12T01:28:00.578+03:00 DEBUG 2728 --- [web] [scheduling-1] o.s.w.c.HttpMessageConverterExtractor    : Reading to [com.coinflux.web.coin_exchange_rate.client.coin_gecko.dtos.ExchangeRatesResponse]
2025-09-12T01:28:00.581+03:00  INFO 2728 --- [web] [scheduling-1] c.c.w.c.CoinExchangeRateService          : Fetching from CoinGecko takes 562.0647
2025-09-12T01:28:00.594+03:00  INFO 2728 --- [web] [scheduling-1] c.c.w.c.s.CoinExchangeRateScheduler      : Rabbit MQ time 11.1627 ms
2025-09-12T01:28:00.599+03:00  INFO 2728 --- [web] [scheduling-1] c.c.w.c.CoinExchangeRateService          : Saving in DB & CACHE  0.0434 ms
2025-09-12T01:28:00.601+03:00  INFO 2728 --- [web] [scheduling-1] c.c.w.c.s.CoinExchangeRateScheduler      : Scheduled job finished: exchange rates refreshed. Total duration: 580 ms
2025-09-12T01:28:30.013+03:00  INFO 2728 --- [web] [scheduling-1] c.c.w.c.CoinExchangeRateService          : No keys found to flush from Redis cache
2025-09-12T01:28:30.516+03:00 DEBUG 2728 --- [web] [scheduling-1] o.s.w.c.HttpMessageConverterExtractor    : Reading to [com.coinflux.web.coin_exchange_rate.client.coin_gecko.dtos.ExchangeRatesResponse]
2025-09-12T01:28:30.516+03:00  INFO 2728 --- [web] [scheduling-1] c.c.w.c.CoinExchangeRateService          : Fetching from CoinGecko takes 499.9166
2025-09-12T01:28:30.522+03:00  INFO 2728 --- [web] [scheduling-1] c.c.w.c.s.CoinExchangeRateScheduler      : Rabbit MQ time 2.075 ms
2025-09-12T01:28:30.527+03:00  INFO 2728 --- [web] [scheduling-1] c.c.w.c.CoinExchangeRateService          : Saving in DB & CACHE  0.0309 ms
2025-09-12T01:28:30.528+03:00  INFO 2728 --- [web] [scheduling-1] c.c.w.c.s.CoinExchangeRateScheduler      : Scheduled job finished: exchange rates refreshed. Total duration: 515 ms
2025-09-12T01:29:00.004+03:00  INFO 2728 --- [web] [scheduling-1] c.c.w.c.CoinExchangeRateService          : No keys found to flush from Redis cache
2025-09-12T01:29:00.419+03:00 DEBUG 2728 --- [web] [scheduling-1] o.s.w.c.HttpMessageConverterExtractor    : Reading to [com.coinflux.web.coin_exchange_rate.client.coin_gecko.dtos.ExchangeRatesResponse]
2025-09-12T01:29:00.419+03:00  INFO 2728 --- [web] [scheduling-1] c.c.w.c.CoinExchangeRateService          : Fetching from CoinGecko takes 418.9697
2025-09-12T01:29:00.436+03:00  INFO 2728 --- [web] [scheduling-1] c.c.w.c.s.CoinExchangeRateScheduler      : Rabbit MQ time 13.5493 ms
2025-09-12T01:29:00.441+03:00  INFO 2728 --- [web] [scheduling-1] c.c.w.c.CoinExchangeRateService          : Saving in DB & CACHE  0.0549 ms
2025-09-12T01:29:00.443+03:00  INFO 2728 --- [web] [scheduling-1] c.c.w.c.s.CoinExchangeRateScheduler      : Scheduled job finished: exchange rates refreshed. Total duration: 439 ms
2025-09-12T01:29:30.011+03:00  INFO 2728 --- [web] [scheduling-1] c.c.w.c.CoinExchangeRateService          : No keys found to flush from Redis cache
2025-09-12T01:29:30.423+03:00 DEBUG 2728 --- [web] [scheduling-1] o.s.w.c.HttpMessageConverterExtractor    : Reading to [com.coinflux.web.coin_exchange_rate.client.coin_gecko.dtos.ExchangeRatesResponse]
2025-09-12T01:29:30.425+03:00  INFO 2728 --- [web] [scheduling-1] c.c.w.c.CoinExchangeRateService          : Fetching from CoinGecko takes 406.8172
2025-09-12T01:29:30.441+03:00  INFO 2728 --- [web] [scheduling-1] c.c.w.c.s.CoinExchangeRateScheduler      : Rabbit MQ time 15.664 ms
2025-09-12T01:29:30.445+03:00  INFO 2728 --- [web] [scheduling-1] c.c.w.c.CoinExchangeRateService          : Saving in DB & CACHE  0.0352 ms
2025-09-12T01:29:30.447+03:00  INFO 2728 --- [web] [scheduling-1] c.c.w.c.s.CoinExchangeRateScheduler      : Scheduled job finished: exchange rates refreshed. Total duration: 436 ms
2025-09-12T13:37:12.313+03:00  WARN 2728 --- [web] [HikariPool-1 housekeeper] com.zaxxer.hikari.pool.HikariPool        : HikariPool-1 - Thread starvation or clock leap detected (housekeeper delta=12h8m5s281ms665µs100ns).
2025-09-12T13:37:23.624+03:00  INFO 2728 --- [web] [scheduling-1] c.c.w.c.CoinExchangeRateService          : No keys found to flush from Redis cache
2025-09-12T13:37:33.655+03:00 ERROR 2728 --- [web] [scheduling-1] o.s.s.s.TaskUtils$LoggingErrorHandler    : Unexpected error occurred in scheduled task

feign.RetryableException: Connect timed out executing GET https://api.coingecko.com/api/v3/exchange_rates
	at feign.FeignException.errorExecuting(FeignException.java:300) ~[feign-core-13.5.jar:na]
	at feign.SynchronousMethodHandler.executeAndDecode(SynchronousMethodHandler.java:105) ~[feign-core-13.5.jar:na]
	at feign.SynchronousMethodHandler.invoke(SynchronousMethodHandler.java:53) ~[feign-core-13.5.jar:na]
	at feign.ReflectiveFeign$FeignInvocationHandler.invoke(ReflectiveFeign.java:104) ~[feign-core-13.5.jar:na]
	at jdk.proxy2/jdk.proxy2.$Proxy161.getExchangeRates(Unknown Source) ~[na:na]
	at com.coinflux.web.coin_exchange_rate.CoinExchangeRateService.fetchRatesFromCoinGecko(CoinExchangeRateService.java:37) ~[classes/:na]
	at java.base/jdk.internal.reflect.DirectMethodHandleAccessor.invoke(DirectMethodHandleAccessor.java:103) ~[na:na]
	at java.base/java.lang.reflect.Method.invoke(Method.java:580) ~[na:na]
	at org.springframework.aop.support.AopUtils.invokeJoinpointUsingReflection(AopUtils.java:359) ~[spring-aop-6.2.3.jar:6.2.3]
	at org.springframework.aop.framework.CglibAopProxy$DynamicAdvisedInterceptor.intercept(CglibAopProxy.java:723) ~[spring-aop-6.2.3.jar:6.2.3]
	at com.coinflux.web.coin_exchange_rate.CoinExchangeRateService$$SpringCGLIB$$0.fetchRatesFromCoinGecko(<generated>) ~[classes/:na]
	at com.coinflux.web.coin_exchange_rate.scheduled.CoinExchangeRateScheduler.refreshExchangeRatesJob(CoinExchangeRateScheduler.java:28) ~[classes/:na]
	at java.base/jdk.internal.reflect.DirectMethodHandleAccessor.invoke(DirectMethodHandleAccessor.java:103) ~[na:na]
	at java.base/java.lang.reflect.Method.invoke(Method.java:580) ~[na:na]
	at org.springframework.scheduling.support.ScheduledMethodRunnable.runInternal(ScheduledMethodRunnable.java:130) ~[spring-context-6.2.3.jar:6.2.3]
	at org.springframework.scheduling.support.ScheduledMethodRunnable.lambda$run$2(ScheduledMethodRunnable.java:124) ~[spring-context-6.2.3.jar:6.2.3]
	at io.micrometer.observation.Observation.observe(Observation.java:498) ~[micrometer-observation-1.14.4.jar:1.14.4]
	at org.springframework.scheduling.support.ScheduledMethodRunnable.run(ScheduledMethodRunnable.java:124) ~[spring-context-6.2.3.jar:6.2.3]
	at org.springframework.scheduling.config.Task$OutcomeTrackingRunnable.run(Task.java:85) ~[spring-context-6.2.3.jar:6.2.3]
	at org.springframework.scheduling.support.DelegatingErrorHandlingRunnable.run(DelegatingErrorHandlingRunnable.java:54) ~[spring-context-6.2.3.jar:6.2.3]
	at org.springframework.scheduling.concurrent.ReschedulingRunnable.run(ReschedulingRunnable.java:96) ~[spring-context-6.2.3.jar:6.2.3]
	at java.base/java.util.concurrent.Executors$RunnableAdapter.call(Executors.java:572) ~[na:na]
	at java.base/java.util.concurrent.FutureTask.run(FutureTask.java:317) ~[na:na]
	at java.base/java.util.concurrent.ScheduledThreadPoolExecutor$ScheduledFutureTask.run(ScheduledThreadPoolExecutor.java:304) ~[na:na]
	at java.base/java.util.concurrent.ThreadPoolExecutor.runWorker(ThreadPoolExecutor.java:1144) ~[na:na]
	at java.base/java.util.concurrent.ThreadPoolExecutor$Worker.run(ThreadPoolExecutor.java:642) ~[na:na]
	at java.base/java.lang.Thread.run(Thread.java:1583) ~[na:na]
Caused by: java.net.SocketTimeoutException: Connect timed out
	at java.base/sun.nio.ch.NioSocketImpl.timedFinishConnect(NioSocketImpl.java:546) ~[na:na]
	at java.base/sun.nio.ch.NioSocketImpl.connect(NioSocketImpl.java:592) ~[na:na]
	at java.base/java.net.SocksSocketImpl.connect(SocksSocketImpl.java:327) ~[na:na]
	at java.base/java.net.Socket.connect(Socket.java:751) ~[na:na]
	at java.base/sun.security.ssl.SSLSocketImpl.connect(SSLSocketImpl.java:304) ~[na:na]
	at java.base/sun.net.NetworkClient.doConnect(NetworkClient.java:178) ~[na:na]
	at java.base/sun.net.www.http.HttpClient.openServer(HttpClient.java:531) ~[na:na]
	at java.base/sun.net.www.http.HttpClient.openServer(HttpClient.java:636) ~[na:na]
	at java.base/sun.net.www.protocol.https.HttpsClient.<init>(HttpsClient.java:264) ~[na:na]
	at java.base/sun.net.www.protocol.https.HttpsClient.New(HttpsClient.java:377) ~[na:na]
	at java.base/sun.net.www.protocol.https.AbstractDelegateHttpsURLConnection.getNewHttpClient(AbstractDelegateHttpsURLConnection.java:193) ~[na:na]
	at java.base/sun.net.www.protocol.http.HttpURLConnection.plainConnect0(HttpURLConnection.java:1252) ~[na:na]
	at java.base/sun.net.www.protocol.http.HttpURLConnection.plainConnect(HttpURLConnection.java:1138) ~[na:na]
	at java.base/sun.net.www.protocol.https.AbstractDelegateHttpsURLConnection.connect(AbstractDelegateHttpsURLConnection.java:179) ~[na:na]
	at java.base/sun.net.www.protocol.http.HttpURLConnection.getInputStream0(HttpURLConnection.java:1690) ~[na:na]
	at java.base/sun.net.www.protocol.http.HttpURLConnection.getInputStream(HttpURLConnection.java:1614) ~[na:na]
	at java.base/java.net.HttpURLConnection.getResponseCode(HttpURLConnection.java:531) ~[na:na]
	at java.base/sun.net.www.protocol.https.HttpsURLConnectionImpl.getResponseCode(HttpsURLConnectionImpl.java:307) ~[na:na]
	at feign.Client$Default.convertResponse(Client.java:114) ~[feign-core-13.5.jar:na]
	at feign.Client$Default.execute(Client.java:110) ~[feign-core-13.5.jar:na]
	at feign.SynchronousMethodHandler.executeAndDecode(SynchronousMethodHandler.java:92) ~[feign-core-13.5.jar:na]
	... 25 common frames omitted

2025-09-12T13:38:00.016+03:00  INFO 2728 --- [web] [scheduling-1] c.c.w.c.CoinExchangeRateService          : No keys found to flush from Redis cache
2025-09-12T13:38:10.050+03:00 ERROR 2728 --- [web] [scheduling-1] o.s.s.s.TaskUtils$LoggingErrorHandler    : Unexpected error occurred in scheduled task

feign.RetryableException: Connect timed out executing GET https://api.coingecko.com/api/v3/exchange_rates
	at feign.FeignException.errorExecuting(FeignException.java:300) ~[feign-core-13.5.jar:na]
	at feign.SynchronousMethodHandler.executeAndDecode(SynchronousMethodHandler.java:105) ~[feign-core-13.5.jar:na]
	at feign.SynchronousMethodHandler.invoke(SynchronousMethodHandler.java:53) ~[feign-core-13.5.jar:na]
	at feign.ReflectiveFeign$FeignInvocationHandler.invoke(ReflectiveFeign.java:104) ~[feign-core-13.5.jar:na]
	at jdk.proxy2/jdk.proxy2.$Proxy161.getExchangeRates(Unknown Source) ~[na:na]
	at com.coinflux.web.coin_exchange_rate.CoinExchangeRateService.fetchRatesFromCoinGecko(CoinExchangeRateService.java:37) ~[classes/:na]
	at java.base/jdk.internal.reflect.DirectMethodHandleAccessor.invoke(DirectMethodHandleAccessor.java:103) ~[na:na]
	at java.base/java.lang.reflect.Method.invoke(Method.java:580) ~[na:na]
	at org.springframework.aop.support.AopUtils.invokeJoinpointUsingReflection(AopUtils.java:359) ~[spring-aop-6.2.3.jar:6.2.3]
	at org.springframework.aop.framework.CglibAopProxy$DynamicAdvisedInterceptor.intercept(CglibAopProxy.java:723) ~[spring-aop-6.2.3.jar:6.2.3]
	at com.coinflux.web.coin_exchange_rate.CoinExchangeRateService$$SpringCGLIB$$0.fetchRatesFromCoinGecko(<generated>) ~[classes/:na]
	at com.coinflux.web.coin_exchange_rate.scheduled.CoinExchangeRateScheduler.refreshExchangeRatesJob(CoinExchangeRateScheduler.java:28) ~[classes/:na]
	at java.base/jdk.internal.reflect.DirectMethodHandleAccessor.invoke(DirectMethodHandleAccessor.java:103) ~[na:na]
	at java.base/java.lang.reflect.Method.invoke(Method.java:580) ~[na:na]
	at org.springframework.scheduling.support.ScheduledMethodRunnable.runInternal(ScheduledMethodRunnable.java:130) ~[spring-context-6.2.3.jar:6.2.3]
	at org.springframework.scheduling.support.ScheduledMethodRunnable.lambda$run$2(ScheduledMethodRunnable.java:124) ~[spring-context-6.2.3.jar:6.2.3]
	at io.micrometer.observation.Observation.observe(Observation.java:498) ~[micrometer-observation-1.14.4.jar:1.14.4]
	at org.springframework.scheduling.support.ScheduledMethodRunnable.run(ScheduledMethodRunnable.java:124) ~[spring-context-6.2.3.jar:6.2.3]
	at org.springframework.scheduling.config.Task$OutcomeTrackingRunnable.run(Task.java:85) ~[spring-context-6.2.3.jar:6.2.3]
	at org.springframework.scheduling.support.DelegatingErrorHandlingRunnable.run(DelegatingErrorHandlingRunnable.java:54) ~[spring-context-6.2.3.jar:6.2.3]
	at org.springframework.scheduling.concurrent.ReschedulingRunnable.run(ReschedulingRunnable.java:96) ~[spring-context-6.2.3.jar:6.2.3]
	at java.base/java.util.concurrent.Executors$RunnableAdapter.call(Executors.java:572) ~[na:na]
	at java.base/java.util.concurrent.FutureTask.run(FutureTask.java:317) ~[na:na]
	at java.base/java.util.concurrent.ScheduledThreadPoolExecutor$ScheduledFutureTask.run(ScheduledThreadPoolExecutor.java:304) ~[na:na]
	at java.base/java.util.concurrent.ThreadPoolExecutor.runWorker(ThreadPoolExecutor.java:1144) ~[na:na]
	at java.base/java.util.concurrent.ThreadPoolExecutor$Worker.run(ThreadPoolExecutor.java:642) ~[na:na]
	at java.base/java.lang.Thread.run(Thread.java:1583) ~[na:na]
Caused by: java.net.SocketTimeoutException: Connect timed out
	at java.base/sun.nio.ch.NioSocketImpl.timedFinishConnect(NioSocketImpl.java:546) ~[na:na]
	at java.base/sun.nio.ch.NioSocketImpl.connect(NioSocketImpl.java:592) ~[na:na]
	at java.base/java.net.SocksSocketImpl.connect(SocksSocketImpl.java:327) ~[na:na]
	at java.base/java.net.Socket.connect(Socket.java:751) ~[na:na]
	at java.base/sun.security.ssl.SSLSocketImpl.connect(SSLSocketImpl.java:304) ~[na:na]
	at java.base/sun.net.NetworkClient.doConnect(NetworkClient.java:178) ~[na:na]
	at java.base/sun.net.www.http.HttpClient.openServer(HttpClient.java:531) ~[na:na]
	at java.base/sun.net.www.http.HttpClient.openServer(HttpClient.java:636) ~[na:na]
	at java.base/sun.net.www.protocol.https.HttpsClient.<init>(HttpsClient.java:264) ~[na:na]
	at java.base/sun.net.www.protocol.https.HttpsClient.New(HttpsClient.java:377) ~[na:na]
	at java.base/sun.net.www.protocol.https.AbstractDelegateHttpsURLConnection.getNewHttpClient(AbstractDelegateHttpsURLConnection.java:193) ~[na:na]
	at java.base/sun.net.www.protocol.http.HttpURLConnection.plainConnect0(HttpURLConnection.java:1252) ~[na:na]
	at java.base/sun.net.www.protocol.http.HttpURLConnection.plainConnect(HttpURLConnection.java:1138) ~[na:na]
	at java.base/sun.net.www.protocol.https.AbstractDelegateHttpsURLConnection.connect(AbstractDelegateHttpsURLConnection.java:179) ~[na:na]
	at java.base/sun.net.www.protocol.http.HttpURLConnection.getInputStream0(HttpURLConnection.java:1690) ~[na:na]
	at java.base/sun.net.www.protocol.http.HttpURLConnection.getInputStream(HttpURLConnection.java:1614) ~[na:na]
	at java.base/java.net.HttpURLConnection.getResponseCode(HttpURLConnection.java:531) ~[na:na]
	at java.base/sun.net.www.protocol.https.HttpsURLConnectionImpl.getResponseCode(HttpsURLConnectionImpl.java:307) ~[na:na]
	at feign.Client$Default.convertResponse(Client.java:114) ~[feign-core-13.5.jar:na]
	at feign.Client$Default.execute(Client.java:110) ~[feign-core-13.5.jar:na]
	at feign.SynchronousMethodHandler.executeAndDecode(SynchronousMethodHandler.java:92) ~[feign-core-13.5.jar:na]
	... 25 common frames omitted

2025-09-12T13:38:30.005+03:00  INFO 2728 --- [web] [scheduling-1] c.c.w.c.CoinExchangeRateService          : No keys found to flush from Redis cache
2025-09-12T13:38:30.508+03:00 DEBUG 2728 --- [web] [scheduling-1] o.s.w.c.HttpMessageConverterExtractor    : Reading to [com.coinflux.web.coin_exchange_rate.client.coin_gecko.dtos.ExchangeRatesResponse]
2025-09-12T13:38:30.509+03:00  INFO 2728 --- [web] [scheduling-1] c.c.w.c.CoinExchangeRateService          : Fetching from CoinGecko takes 504.125
2025-09-12T13:38:30.511+03:00  INFO 2728 --- [web] [scheduling-1] c.c.w.c.s.CoinExchangeRateScheduler      : Rabbit MQ time 2.0345 ms
2025-09-12T13:38:30.514+03:00  INFO 2728 --- [web] [scheduling-1] c.c.w.c.CoinExchangeRateService          : Saving in DB & CACHE  0.0183 ms
2025-09-12T13:38:30.515+03:00  INFO 2728 --- [web] [scheduling-1] c.c.w.c.s.CoinExchangeRateScheduler      : Scheduled job finished: exchange rates refreshed. Total duration: 510 ms
2025-09-12T13:39:00.009+03:00  INFO 2728 --- [web] [scheduling-1] c.c.w.c.CoinExchangeRateService          : No keys found to flush from Redis cache
2025-09-12T13:39:00.619+03:00 DEBUG 2728 --- [web] [scheduling-1] o.s.w.c.HttpMessageConverterExtractor    : Reading to [com.coinflux.web.coin_exchange_rate.client.coin_gecko.dtos.ExchangeRatesResponse]
2025-09-12T13:39:00.622+03:00  INFO 2728 --- [web] [scheduling-1] c.c.w.c.CoinExchangeRateService          : Fetching from CoinGecko takes 612.8974
2025-09-12T13:39:00.626+03:00  INFO 2728 --- [web] [scheduling-1] c.c.w.c.s.CoinExchangeRateScheduler      : Rabbit MQ time 3.9142 ms
2025-09-12T13:39:00.628+03:00  INFO 2728 --- [web] [scheduling-1] c.c.w.c.CoinExchangeRateService          : Saving in DB & CACHE  0.0353 ms
2025-09-12T13:39:00.630+03:00  INFO 2728 --- [web] [scheduling-1] c.c.w.c.s.CoinExchangeRateScheduler      : Scheduled job finished: exchange rates refreshed. Total duration: 621 ms
2025-09-12T13:39:30.008+03:00  INFO 2728 --- [web] [scheduling-1] c.c.w.c.CoinExchangeRateService          : No keys found to flush from Redis cache
2025-09-12T13:39:30.952+03:00 DEBUG 2728 --- [web] [scheduling-1] o.s.w.c.HttpMessageConverterExtractor    : Reading to [com.coinflux.web.coin_exchange_rate.client.coin_gecko.dtos.ExchangeRatesResponse]
2025-09-12T13:39:30.954+03:00  INFO 2728 --- [web] [scheduling-1] c.c.w.c.CoinExchangeRateService          : Fetching from CoinGecko takes 945.5886
2025-09-12T13:39:30.959+03:00  INFO 2728 --- [web] [scheduling-1] c.c.w.c.s.CoinExchangeRateScheduler      : Rabbit MQ time 5.2413 ms
2025-09-12T13:39:30.965+03:00  INFO 2728 --- [web] [scheduling-1] c.c.w.c.CoinExchangeRateService          : Saving in DB & CACHE  0.0306 ms
2025-09-12T13:39:30.966+03:00  INFO 2728 --- [web] [scheduling-1] c.c.w.c.s.CoinExchangeRateScheduler      : Scheduled job finished: exchange rates refreshed. Total duration: 957 ms
2025-09-12T13:40:00.015+03:00  INFO 2728 --- [web] [scheduling-1] c.c.w.c.CoinExchangeRateService          : No keys found to flush from Redis cache
2025-09-12T13:40:00.450+03:00 DEBUG 2728 --- [web] [scheduling-1] o.s.w.c.HttpMessageConverterExtractor    : Reading to [com.coinflux.web.coin_exchange_rate.client.coin_gecko.dtos.ExchangeRatesResponse]
2025-09-12T13:40:00.451+03:00  INFO 2728 --- [web] [scheduling-1] c.c.w.c.CoinExchangeRateService          : Fetching from CoinGecko takes 436.3188
2025-09-12T13:40:00.453+03:00  INFO 2728 --- [web] [scheduling-1] c.c.w.c.s.CoinExchangeRateScheduler      : Rabbit MQ time 1.5391 ms
2025-09-12T13:40:00.459+03:00  INFO 2728 --- [web] [scheduling-1] c.c.w.c.CoinExchangeRateService          : Saving in DB & CACHE  0.0321 ms
2025-09-12T13:40:00.461+03:00  INFO 2728 --- [web] [scheduling-1] c.c.w.c.s.CoinExchangeRateScheduler      : Scheduled job finished: exchange rates refreshed. Total duration: 446 ms
2025-09-12T13:40:30.017+03:00  INFO 2728 --- [web] [scheduling-1] c.c.w.c.CoinExchangeRateService          : No keys found to flush from Redis cache
2025-09-12T13:40:30.196+03:00 DEBUG 2728 --- [web] [scheduling-1] o.s.w.c.HttpMessageConverterExtractor    : Reading to [com.coinflux.web.coin_exchange_rate.client.coin_gecko.dtos.ExchangeRatesResponse]
2025-09-12T13:40:30.199+03:00  INFO 2728 --- [web] [scheduling-1] c.c.w.c.CoinExchangeRateService          : Fetching from CoinGecko takes 181.6674
2025-09-12T13:40:30.204+03:00  INFO 2728 --- [web] [scheduling-1] c.c.w.c.s.CoinExchangeRateScheduler      : Rabbit MQ time 3.7873 ms
2025-09-12T13:40:30.206+03:00  INFO 2728 --- [web] [scheduling-1] c.c.w.c.CoinExchangeRateService          : Saving in DB & CACHE  0.0477 ms
2025-09-12T13:40:30.208+03:00  INFO 2728 --- [web] [scheduling-1] c.c.w.c.s.CoinExchangeRateScheduler      : Scheduled job finished: exchange rates refreshed. Total duration: 190 ms
2025-09-12T13:41:00.016+03:00  INFO 2728 --- [web] [scheduling-1] c.c.w.c.CoinExchangeRateService          : No keys found to flush from Redis cache
2025-09-12T13:41:00.194+03:00 DEBUG 2728 --- [web] [scheduling-1] o.s.w.c.HttpMessageConverterExtractor    : Reading to [com.coinflux.web.coin_exchange_rate.client.coin_gecko.dtos.ExchangeRatesResponse]
2025-09-12T13:41:00.198+03:00  INFO 2728 --- [web] [scheduling-1] c.c.w.c.CoinExchangeRateService          : Fetching from CoinGecko takes 180.9733
2025-09-12T13:41:00.201+03:00  INFO 2728 --- [web] [scheduling-1] c.c.w.c.s.CoinExchangeRateScheduler      : Rabbit MQ time 3.7002 ms
2025-09-12T13:41:00.205+03:00  INFO 2728 --- [web] [scheduling-1] c.c.w.c.CoinExchangeRateService          : Saving in DB & CACHE  0.0184 ms
2025-09-12T13:41:00.205+03:00  INFO 2728 --- [web] [scheduling-1] c.c.w.c.s.CoinExchangeRateScheduler      : Scheduled job finished: exchange rates refreshed. Total duration: 189 ms
2025-09-12T13:41:30.009+03:00  INFO 2728 --- [web] [scheduling-1] c.c.w.c.CoinExchangeRateService          : No keys found to flush from Redis cache
2025-09-12T13:41:30.400+03:00 DEBUG 2728 --- [web] [scheduling-1] o.s.w.c.HttpMessageConverterExtractor    : Reading to [com.coinflux.web.coin_exchange_rate.client.coin_gecko.dtos.ExchangeRatesResponse]
2025-09-12T13:41:30.401+03:00  INFO 2728 --- [web] [scheduling-1] c.c.w.c.CoinExchangeRateService          : Fetching from CoinGecko takes 391.9423
2025-09-12T13:41:30.416+03:00  INFO 2728 --- [web] [scheduling-1] c.c.w.c.s.CoinExchangeRateScheduler      : Rabbit MQ time 14.5754 ms
2025-09-12T13:41:30.420+03:00  INFO 2728 --- [web] [scheduling-1] c.c.w.c.CoinExchangeRateService          : Saving in DB & CACHE  0.2352 ms
2025-09-12T13:41:30.422+03:00  INFO 2728 --- [web] [scheduling-1] c.c.w.c.s.CoinExchangeRateScheduler      : Scheduled job finished: exchange rates refreshed. Total duration: 413 ms
2025-09-12T13:42:00.004+03:00  INFO 2728 --- [web] [scheduling-1] c.c.w.c.CoinExchangeRateService          : No keys found to flush from Redis cache
2025-09-12T13:42:00.186+03:00 DEBUG 2728 --- [web] [scheduling-1] o.s.w.c.HttpMessageConverterExtractor    : Reading to [com.coinflux.web.coin_exchange_rate.client.coin_gecko.dtos.ExchangeRatesResponse]
2025-09-12T13:42:00.191+03:00  INFO 2728 --- [web] [scheduling-1] c.c.w.c.CoinExchangeRateService          : Fetching from CoinGecko takes 187.3385
2025-09-12T13:42:00.192+03:00  INFO 2728 --- [web] [scheduling-1] c.c.w.c.s.CoinExchangeRateScheduler      : Rabbit MQ time 1.0419 ms
2025-09-12T13:42:00.195+03:00  INFO 2728 --- [web] [scheduling-1] c.c.w.c.CoinExchangeRateService          : Saving in DB & CACHE  0.033 ms
2025-09-12T13:42:00.199+03:00  INFO 2728 --- [web] [scheduling-1] c.c.w.c.s.CoinExchangeRateScheduler      : Scheduled job finished: exchange rates refreshed. Total duration: 195 ms
2025-09-12T13:42:30.015+03:00  INFO 2728 --- [web] [scheduling-1] c.c.w.c.CoinExchangeRateService          : No keys found to flush from Redis cache
2025-09-12T13:42:30.246+03:00 DEBUG 2728 --- [web] [scheduling-1] o.s.w.c.HttpMessageConverterExtractor    : Reading to [com.coinflux.web.coin_exchange_rate.client.coin_gecko.dtos.ExchangeRatesResponse]
2025-09-12T13:42:30.247+03:00  INFO 2728 --- [web] [scheduling-1] c.c.w.c.CoinExchangeRateService          : Fetching from CoinGecko takes 231.5553
2025-09-12T13:42:30.257+03:00  INFO 2728 --- [web] [scheduling-1] c.c.w.c.s.CoinExchangeRateScheduler      : Rabbit MQ time 9.0478 ms
2025-09-12T13:42:30.259+03:00  INFO 2728 --- [web] [scheduling-1] c.c.w.c.CoinExchangeRateService          : Saving in DB & CACHE  0.0442 ms
2025-09-12T13:42:30.260+03:00  INFO 2728 --- [web] [scheduling-1] c.c.w.c.s.CoinExchangeRateScheduler      : Scheduled job finished: exchange rates refreshed. Total duration: 245 ms
2025-09-12T13:43:00.008+03:00  INFO 2728 --- [web] [scheduling-1] c.c.w.c.CoinExchangeRateService          : No keys found to flush from Redis cache
2025-09-12T13:43:00.303+03:00 DEBUG 2728 --- [web] [scheduling-1] o.s.w.c.HttpMessageConverterExtractor    : Reading to [com.coinflux.web.coin_exchange_rate.client.coin_gecko.dtos.ExchangeRatesResponse]
2025-09-12T13:43:00.306+03:00  INFO 2728 --- [web] [scheduling-1] c.c.w.c.CoinExchangeRateService          : Fetching from CoinGecko takes 298.2099
2025-09-12T13:43:00.311+03:00  INFO 2728 --- [web] [scheduling-1] c.c.w.c.s.CoinExchangeRateScheduler      : Rabbit MQ time 4.8219 ms
2025-09-12T13:43:00.316+03:00  INFO 2728 --- [web] [scheduling-1] c.c.w.c.CoinExchangeRateService          : Saving in DB & CACHE  0.0358 ms
2025-09-12T13:43:00.318+03:00  INFO 2728 --- [web] [scheduling-1] c.c.w.c.s.CoinExchangeRateScheduler      : Scheduled job finished: exchange rates refreshed. Total duration: 310 ms
2025-09-12T13:43:30.009+03:00  INFO 2728 --- [web] [scheduling-1] c.c.w.c.CoinExchangeRateService          : No keys found to flush from Redis cache
2025-09-12T13:43:30.202+03:00 DEBUG 2728 --- [web] [scheduling-1] o.s.w.c.HttpMessageConverterExtractor    : Reading to [com.coinflux.web.coin_exchange_rate.client.coin_gecko.dtos.ExchangeRatesResponse]
2025-09-12T13:43:30.203+03:00  INFO 2728 --- [web] [scheduling-1] c.c.w.c.CoinExchangeRateService          : Fetching from CoinGecko takes 193.8004
2025-09-12T13:43:30.209+03:00  INFO 2728 --- [web] [scheduling-1] c.c.w.c.s.CoinExchangeRateScheduler      : Rabbit MQ time 5.8906 ms
2025-09-12T13:43:30.212+03:00  INFO 2728 --- [web] [scheduling-1] c.c.w.c.CoinExchangeRateService          : Saving in DB & CACHE  0.0339 ms
2025-09-12T13:43:30.212+03:00  INFO 2728 --- [web] [scheduling-1] c.c.w.c.s.CoinExchangeRateScheduler      : Scheduled job finished: exchange rates refreshed. Total duration: 203 ms
2025-09-12T13:44:00.008+03:00  INFO 2728 --- [web] [scheduling-1] c.c.w.c.CoinExchangeRateService          : No keys found to flush from Redis cache
2025-09-12T13:44:00.205+03:00 DEBUG 2728 --- [web] [scheduling-1] o.s.w.c.HttpMessageConverterExtractor    : Reading to [com.coinflux.web.coin_exchange_rate.client.coin_gecko.dtos.ExchangeRatesResponse]
2025-09-12T13:44:00.207+03:00  INFO 2728 --- [web] [scheduling-1] c.c.w.c.CoinExchangeRateService          : Fetching from CoinGecko takes 198.2209
2025-09-12T13:44:00.212+03:00  INFO 2728 --- [web] [scheduling-1] c.c.w.c.s.CoinExchangeRateScheduler      : Rabbit MQ time 5.3882 ms
2025-09-12T13:44:00.217+03:00  INFO 2728 --- [web] [scheduling-1] c.c.w.c.CoinExchangeRateService          : Saving in DB & CACHE  0.0624 ms
2025-09-12T13:44:00.218+03:00  INFO 2728 --- [web] [scheduling-1] c.c.w.c.s.CoinExchangeRateScheduler      : Scheduled job finished: exchange rates refreshed. Total duration: 209 ms
2025-09-12T13:44:30.013+03:00  INFO 2728 --- [web] [scheduling-1] c.c.w.c.CoinExchangeRateService          : No keys found to flush from Redis cache
2025-09-12T13:44:30.194+03:00 DEBUG 2728 --- [web] [scheduling-1] o.s.w.c.HttpMessageConverterExtractor    : Reading to [com.coinflux.web.coin_exchange_rate.client.coin_gecko.dtos.ExchangeRatesResponse]
2025-09-12T13:44:30.198+03:00  INFO 2728 --- [web] [scheduling-1] c.c.w.c.CoinExchangeRateService          : Fetching from CoinGecko takes 186.1604
2025-09-12T13:44:30.204+03:00  INFO 2728 --- [web] [scheduling-1] c.c.w.c.s.CoinExchangeRateScheduler      : Rabbit MQ time 4.8919 ms
2025-09-12T13:44:30.207+03:00  INFO 2728 --- [web] [scheduling-1] c.c.w.c.CoinExchangeRateService          : Saving in DB & CACHE  0.0366 ms
2025-09-12T13:44:30.208+03:00  INFO 2728 --- [web] [scheduling-1] c.c.w.c.s.CoinExchangeRateScheduler      : Scheduled job finished: exchange rates refreshed. Total duration: 195 ms
2025-09-12T13:45:00.011+03:00  INFO 2728 --- [web] [scheduling-1] c.c.w.c.CoinExchangeRateService          : No keys found to flush from Redis cache
2025-09-12T13:45:00.191+03:00 DEBUG 2728 --- [web] [scheduling-1] o.s.w.c.HttpMessageConverterExtractor    : Reading to [com.coinflux.web.coin_exchange_rate.client.coin_gecko.dtos.ExchangeRatesResponse]
2025-09-12T13:45:00.193+03:00  INFO 2728 --- [web] [scheduling-1] c.c.w.c.CoinExchangeRateService          : Fetching from CoinGecko takes 181.6526
2025-09-12T13:45:00.198+03:00  INFO 2728 --- [web] [scheduling-1] c.c.w.c.s.CoinExchangeRateScheduler      : Rabbit MQ time 5.0311 ms
2025-09-12T13:45:00.201+03:00  INFO 2728 --- [web] [scheduling-1] c.c.w.c.CoinExchangeRateService          : Saving in DB & CACHE  0.0357 ms
2025-09-12T13:45:00.201+03:00  INFO 2728 --- [web] [scheduling-1] c.c.w.c.s.CoinExchangeRateScheduler      : Scheduled job finished: exchange rates refreshed. Total duration: 190 ms
2025-09-12T13:45:30.016+03:00  INFO 2728 --- [web] [scheduling-1] c.c.w.c.CoinExchangeRateService          : No keys found to flush from Redis cache
2025-09-12T13:45:30.314+03:00 DEBUG 2728 --- [web] [scheduling-1] o.s.w.c.HttpMessageConverterExtractor    : Reading to [com.coinflux.web.coin_exchange_rate.client.coin_gecko.dtos.ExchangeRatesResponse]
2025-09-12T13:45:30.316+03:00  INFO 2728 --- [web] [scheduling-1] c.c.w.c.CoinExchangeRateService          : Fetching from CoinGecko takes 299.5775
2025-09-12T13:45:30.322+03:00  INFO 2728 --- [web] [scheduling-1] c.c.w.c.s.CoinExchangeRateScheduler      : Rabbit MQ time 5.3437 ms
2025-09-12T13:45:30.324+03:00  INFO 2728 --- [web] [scheduling-1] c.c.w.c.CoinExchangeRateService          : Saving in DB & CACHE  0.0311 ms
2025-09-12T13:45:30.325+03:00  INFO 2728 --- [web] [scheduling-1] c.c.w.c.s.CoinExchangeRateScheduler      : Scheduled job finished: exchange rates refreshed. Total duration: 309 ms
2025-09-12T13:46:00.019+03:00  INFO 2728 --- [web] [scheduling-1] c.c.w.c.CoinExchangeRateService          : No keys found to flush from Redis cache
2025-09-12T13:46:00.215+03:00 DEBUG 2728 --- [web] [scheduling-1] o.s.w.c.HttpMessageConverterExtractor    : Reading to [com.coinflux.web.coin_exchange_rate.client.coin_gecko.dtos.ExchangeRatesResponse]
2025-09-12T13:46:00.216+03:00  INFO 2728 --- [web] [scheduling-1] c.c.w.c.CoinExchangeRateService          : Fetching from CoinGecko takes 197.4238
2025-09-12T13:46:00.220+03:00  INFO 2728 --- [web] [scheduling-1] c.c.w.c.s.CoinExchangeRateScheduler      : Rabbit MQ time 3.723 ms
2025-09-12T13:46:00.227+03:00  INFO 2728 --- [web] [scheduling-1] c.c.w.c.CoinExchangeRateService          : Saving in DB & CACHE  0.0568 ms
2025-09-12T13:46:00.228+03:00  INFO 2728 --- [web] [scheduling-1] c.c.w.c.s.CoinExchangeRateScheduler      : Scheduled job finished: exchange rates refreshed. Total duration: 209 ms
2025-09-12T13:46:30.010+03:00  INFO 2728 --- [web] [scheduling-1] c.c.w.c.CoinExchangeRateService          : No keys found to flush from Redis cache
2025-09-12T13:46:30.182+03:00 DEBUG 2728 --- [web] [scheduling-1] o.s.w.c.HttpMessageConverterExtractor    : Reading to [com.coinflux.web.coin_exchange_rate.client.coin_gecko.dtos.ExchangeRatesResponse]
2025-09-12T13:46:30.183+03:00  INFO 2728 --- [web] [scheduling-1] c.c.w.c.CoinExchangeRateService          : Fetching from CoinGecko takes 172.8753
2025-09-12T13:46:30.185+03:00  INFO 2728 --- [web] [scheduling-1] c.c.w.c.s.CoinExchangeRateScheduler      : Rabbit MQ time 1.9733 ms
2025-09-12T13:46:30.189+03:00  INFO 2728 --- [web] [scheduling-1] c.c.w.c.CoinExchangeRateService          : Saving in DB & CACHE  0.0212 ms
2025-09-12T13:46:30.190+03:00  INFO 2728 --- [web] [scheduling-1] c.c.w.c.s.CoinExchangeRateScheduler      : Scheduled job finished: exchange rates refreshed. Total duration: 180 ms
2025-09-12T13:47:00.005+03:00  INFO 2728 --- [web] [scheduling-1] c.c.w.c.CoinExchangeRateService          : No keys found to flush from Redis cache
2025-09-12T13:47:00.387+03:00 DEBUG 2728 --- [web] [scheduling-1] o.s.w.c.HttpMessageConverterExtractor    : Reading to [com.coinflux.web.coin_exchange_rate.client.coin_gecko.dtos.ExchangeRatesResponse]
2025-09-12T13:47:00.388+03:00  INFO 2728 --- [web] [scheduling-1] c.c.w.c.CoinExchangeRateService          : Fetching from CoinGecko takes 382.7492
2025-09-12T13:47:00.395+03:00  INFO 2728 --- [web] [scheduling-1] c.c.w.c.s.CoinExchangeRateScheduler      : Rabbit MQ time 6.5474 ms
2025-09-12T13:47:00.397+03:00  INFO 2728 --- [web] [scheduling-1] c.c.w.c.CoinExchangeRateService          : Saving in DB & CACHE  0.032 ms
2025-09-12T13:47:00.398+03:00  INFO 2728 --- [web] [scheduling-1] c.c.w.c.s.CoinExchangeRateScheduler      : Scheduled job finished: exchange rates refreshed. Total duration: 393 ms
2025-09-12T13:47:30.014+03:00  INFO 2728 --- [web] [scheduling-1] c.c.w.c.CoinExchangeRateService          : No keys found to flush from Redis cache
2025-09-12T13:47:30.197+03:00 DEBUG 2728 --- [web] [scheduling-1] o.s.w.c.HttpMessageConverterExtractor    : Reading to [com.coinflux.web.coin_exchange_rate.client.coin_gecko.dtos.ExchangeRatesResponse]
2025-09-12T13:47:30.200+03:00  INFO 2728 --- [web] [scheduling-1] c.c.w.c.CoinExchangeRateService          : Fetching from CoinGecko takes 185.7429
2025-09-12T13:47:30.203+03:00  INFO 2728 --- [web] [scheduling-1] c.c.w.c.s.CoinExchangeRateScheduler      : Rabbit MQ time 3.0799 ms
2025-09-12T13:47:30.209+03:00  INFO 2728 --- [web] [scheduling-1] c.c.w.c.CoinExchangeRateService          : Saving in DB & CACHE  0.0614 ms
2025-09-12T13:47:30.210+03:00  INFO 2728 --- [web] [scheduling-1] c.c.w.c.s.CoinExchangeRateScheduler      : Scheduled job finished: exchange rates refreshed. Total duration: 196 ms
2025-09-12T13:48:00.015+03:00  INFO 2728 --- [web] [scheduling-1] c.c.w.c.CoinExchangeRateService          : No keys found to flush from Redis cache
2025-09-12T13:48:00.307+03:00 DEBUG 2728 --- [web] [scheduling-1] o.s.w.c.HttpMessageConverterExtractor    : Reading to [com.coinflux.web.coin_exchange_rate.client.coin_gecko.dtos.ExchangeRatesResponse]
2025-09-12T13:48:00.309+03:00  INFO 2728 --- [web] [scheduling-1] c.c.w.c.CoinExchangeRateService          : Fetching from CoinGecko takes 293.0972
2025-09-12T13:48:00.311+03:00  INFO 2728 --- [web] [scheduling-1] c.c.w.c.s.CoinExchangeRateScheduler      : Rabbit MQ time 2.9264 ms
2025-09-12T13:48:00.314+03:00  INFO 2728 --- [web] [scheduling-1] c.c.w.c.CoinExchangeRateService          : Saving in DB & CACHE  0.0318 ms
2025-09-12T13:48:00.315+03:00  INFO 2728 --- [web] [scheduling-1] c.c.w.c.s.CoinExchangeRateScheduler      : Scheduled job finished: exchange rates refreshed. Total duration: 299 ms
2025-09-12T13:48:30.009+03:00  INFO 2728 --- [web] [scheduling-1] c.c.w.c.CoinExchangeRateService          : No keys found to flush from Redis cache
2025-09-12T13:48:30.184+03:00 DEBUG 2728 --- [web] [scheduling-1] o.s.w.c.HttpMessageConverterExtractor    : Reading to [com.coinflux.web.coin_exchange_rate.client.coin_gecko.dtos.ExchangeRatesResponse]
2025-09-12T13:48:30.186+03:00  INFO 2728 --- [web] [scheduling-1] c.c.w.c.CoinExchangeRateService          : Fetching from CoinGecko takes 176.9512
2025-09-12T13:48:30.197+03:00  INFO 2728 --- [web] [scheduling-1] c.c.w.c.s.CoinExchangeRateScheduler      : Rabbit MQ time 10.6609 ms
2025-09-12T13:48:30.201+03:00  INFO 2728 --- [web] [scheduling-1] c.c.w.c.CoinExchangeRateService          : Saving in DB & CACHE  0.0554 ms
2025-09-12T13:48:30.202+03:00  INFO 2728 --- [web] [scheduling-1] c.c.w.c.s.CoinExchangeRateScheduler      : Scheduled job finished: exchange rates refreshed. Total duration: 193 ms
2025-09-12T13:49:00.008+03:00  INFO 2728 --- [web] [scheduling-1] c.c.w.c.CoinExchangeRateService          : No keys found to flush from Redis cache
2025-09-12T13:49:00.182+03:00 DEBUG 2728 --- [web] [scheduling-1] o.s.w.c.HttpMessageConverterExtractor    : Reading to [com.coinflux.web.coin_exchange_rate.client.coin_gecko.dtos.ExchangeRatesResponse]
2025-09-12T13:49:00.184+03:00  INFO 2728 --- [web] [scheduling-1] c.c.w.c.CoinExchangeRateService          : Fetching from CoinGecko takes 175.6428
2025-09-12T13:49:00.195+03:00  INFO 2728 --- [web] [scheduling-1] c.c.w.c.s.CoinExchangeRateScheduler      : Rabbit MQ time 11.3506 ms
2025-09-12T13:49:00.199+03:00  INFO 2728 --- [web] [scheduling-1] c.c.w.c.CoinExchangeRateService          : Saving in DB & CACHE  0.0358 ms
2025-09-12T13:49:00.201+03:00  INFO 2728 --- [web] [scheduling-1] c.c.w.c.s.CoinExchangeRateScheduler      : Scheduled job finished: exchange rates refreshed. Total duration: 193 ms
2025-09-12T13:49:30.021+03:00  INFO 2728 --- [web] [scheduling-1] c.c.w.c.CoinExchangeRateService          : No keys found to flush from Redis cache
2025-09-12T13:49:30.206+03:00 DEBUG 2728 --- [web] [scheduling-1] o.s.w.c.HttpMessageConverterExtractor    : Reading to [com.coinflux.web.coin_exchange_rate.client.coin_gecko.dtos.ExchangeRatesResponse]
2025-09-12T13:49:30.207+03:00  INFO 2728 --- [web] [scheduling-1] c.c.w.c.CoinExchangeRateService          : Fetching from CoinGecko takes 185.6312
2025-09-12T13:49:30.222+03:00  INFO 2728 --- [web] [scheduling-1] c.c.w.c.s.CoinExchangeRateScheduler      : Rabbit MQ time 14.0712 ms
2025-09-12T13:49:30.227+03:00  INFO 2728 --- [web] [scheduling-1] c.c.w.c.CoinExchangeRateService          : Saving in DB & CACHE  0.0693 ms
2025-09-12T13:49:30.229+03:00  INFO 2728 --- [web] [scheduling-1] c.c.w.c.s.CoinExchangeRateScheduler      : Scheduled job finished: exchange rates refreshed. Total duration: 207 ms
2025-09-12T13:50:00.009+03:00  INFO 2728 --- [web] [scheduling-1] c.c.w.c.CoinExchangeRateService          : No keys found to flush from Redis cache
2025-09-12T13:50:00.199+03:00 DEBUG 2728 --- [web] [scheduling-1] o.s.w.c.HttpMessageConverterExtractor    : Reading to [com.coinflux.web.coin_exchange_rate.client.coin_gecko.dtos.ExchangeRatesResponse]
2025-09-12T13:50:00.200+03:00  INFO 2728 --- [web] [scheduling-1] c.c.w.c.CoinExchangeRateService          : Fetching from CoinGecko takes 190.9002
2025-09-12T13:50:00.204+03:00  INFO 2728 --- [web] [scheduling-1] c.c.w.c.s.CoinExchangeRateScheduler      : Rabbit MQ time 3.3747 ms
2025-09-12T13:50:00.206+03:00  INFO 2728 --- [web] [scheduling-1] c.c.w.c.CoinExchangeRateService          : Saving in DB & CACHE  0.0361 ms
2025-09-12T13:50:00.207+03:00  INFO 2728 --- [web] [scheduling-1] c.c.w.c.s.CoinExchangeRateScheduler      : Scheduled job finished: exchange rates refreshed. Total duration: 198 ms
2025-09-12T13:50:30.021+03:00  INFO 2728 --- [web] [scheduling-1] c.c.w.c.CoinExchangeRateService          : No keys found to flush from Redis cache
2025-09-12T13:50:30.205+03:00 DEBUG 2728 --- [web] [scheduling-1] o.s.w.c.HttpMessageConverterExtractor    : Reading to [com.coinflux.web.coin_exchange_rate.client.coin_gecko.dtos.ExchangeRatesResponse]
2025-09-12T13:50:30.207+03:00  INFO 2728 --- [web] [scheduling-1] c.c.w.c.CoinExchangeRateService          : Fetching from CoinGecko takes 186.1869
2025-09-12T13:50:30.219+03:00  INFO 2728 --- [web] [scheduling-1] c.c.w.c.s.CoinExchangeRateScheduler      : Rabbit MQ time 11.9643 ms
2025-09-12T13:50:30.225+03:00  INFO 2728 --- [web] [scheduling-1] c.c.w.c.CoinExchangeRateService          : Saving in DB & CACHE  0.058 ms
2025-09-12T13:50:30.227+03:00  INFO 2728 --- [web] [scheduling-1] c.c.w.c.s.CoinExchangeRateScheduler      : Scheduled job finished: exchange rates refreshed. Total duration: 206 ms
2025-09-12T13:51:00.016+03:00  INFO 2728 --- [web] [scheduling-1] c.c.w.c.CoinExchangeRateService          : No keys found to flush from Redis cache
2025-09-12T13:51:00.196+03:00 DEBUG 2728 --- [web] [scheduling-1] o.s.w.c.HttpMessageConverterExtractor    : Reading to [com.coinflux.web.coin_exchange_rate.client.coin_gecko.dtos.ExchangeRatesResponse]
2025-09-12T13:51:00.198+03:00  INFO 2728 --- [web] [scheduling-1] c.c.w.c.CoinExchangeRateService          : Fetching from CoinGecko takes 180.8264
2025-09-12T13:51:00.207+03:00  INFO 2728 --- [web] [scheduling-1] c.c.w.c.s.CoinExchangeRateScheduler      : Rabbit MQ time 8.9935 ms
2025-09-12T13:51:00.212+03:00  INFO 2728 --- [web] [scheduling-1] c.c.w.c.CoinExchangeRateService          : Saving in DB & CACHE  0.0422 ms
2025-09-12T13:51:00.213+03:00  INFO 2728 --- [web] [scheduling-1] c.c.w.c.s.CoinExchangeRateScheduler      : Scheduled job finished: exchange rates refreshed. Total duration: 196 ms
2025-09-12T13:51:30.006+03:00  INFO 2728 --- [web] [scheduling-1] c.c.w.c.CoinExchangeRateService          : No keys found to flush from Redis cache
2025-09-12T13:51:30.205+03:00 DEBUG 2728 --- [web] [scheduling-1] o.s.w.c.HttpMessageConverterExtractor    : Reading to [com.coinflux.web.coin_exchange_rate.client.coin_gecko.dtos.ExchangeRatesResponse]
2025-09-12T13:51:30.207+03:00  INFO 2728 --- [web] [scheduling-1] c.c.w.c.CoinExchangeRateService          : Fetching from CoinGecko takes 200.5975
2025-09-12T13:51:30.215+03:00  INFO 2728 --- [web] [scheduling-1] c.c.w.c.s.CoinExchangeRateScheduler      : Rabbit MQ time 7.7017 ms
2025-09-12T13:51:30.219+03:00  INFO 2728 --- [web] [scheduling-1] c.c.w.c.CoinExchangeRateService          : Saving in DB & CACHE  0.0347 ms
2025-09-12T13:51:30.220+03:00  INFO 2728 --- [web] [scheduling-1] c.c.w.c.s.CoinExchangeRateScheduler      : Scheduled job finished: exchange rates refreshed. Total duration: 214 ms
2025-09-12T13:52:00.014+03:00  INFO 2728 --- [web] [scheduling-1] c.c.w.c.CoinExchangeRateService          : No keys found to flush from Redis cache
2025-09-12T13:52:00.201+03:00 DEBUG 2728 --- [web] [scheduling-1] o.s.w.c.HttpMessageConverterExtractor    : Reading to [com.coinflux.web.coin_exchange_rate.client.coin_gecko.dtos.ExchangeRatesResponse]
2025-09-12T13:52:00.204+03:00  INFO 2728 --- [web] [scheduling-1] c.c.w.c.CoinExchangeRateService          : Fetching from CoinGecko takes 189.8582
2025-09-12T13:52:00.208+03:00  INFO 2728 --- [web] [scheduling-1] c.c.w.c.s.CoinExchangeRateScheduler      : Rabbit MQ time 3.5032 ms
2025-09-12T13:52:00.212+03:00  INFO 2728 --- [web] [scheduling-1] c.c.w.c.CoinExchangeRateService          : Saving in DB & CACHE  0.061 ms
2025-09-12T13:52:00.213+03:00  INFO 2728 --- [web] [scheduling-1] c.c.w.c.s.CoinExchangeRateScheduler      : Scheduled job finished: exchange rates refreshed. Total duration: 199 ms
2025-09-12T13:52:30.001+03:00  INFO 2728 --- [web] [scheduling-1] c.c.w.c.CoinExchangeRateService          : No keys found to flush from Redis cache
2025-09-12T13:52:30.333+03:00 DEBUG 2728 --- [web] [scheduling-1] o.s.w.c.HttpMessageConverterExtractor    : Reading to [com.coinflux.web.coin_exchange_rate.client.coin_gecko.dtos.ExchangeRatesResponse]
2025-09-12T13:52:30.333+03:00  INFO 2728 --- [web] [scheduling-1] c.c.w.c.CoinExchangeRateService          : Fetching from CoinGecko takes 332.0379
2025-09-12T13:52:30.334+03:00  INFO 2728 --- [web] [scheduling-1] c.c.w.c.s.CoinExchangeRateScheduler      : Rabbit MQ time 1.2793 ms
2025-09-12T13:52:30.340+03:00  INFO 2728 --- [web] [scheduling-1] c.c.w.c.CoinExchangeRateService          : Saving in DB & CACHE  0.0405 ms
2025-09-12T13:52:30.342+03:00  INFO 2728 --- [web] [scheduling-1] c.c.w.c.s.CoinExchangeRateScheduler      : Scheduled job finished: exchange rates refreshed. Total duration: 341 ms
2025-09-12T13:53:00.015+03:00  INFO 2728 --- [web] [scheduling-1] c.c.w.c.CoinExchangeRateService          : No keys found to flush from Redis cache
2025-09-12T13:53:00.194+03:00 DEBUG 2728 --- [web] [scheduling-1] o.s.w.c.HttpMessageConverterExtractor    : Reading to [com.coinflux.web.coin_exchange_rate.client.coin_gecko.dtos.ExchangeRatesResponse]
2025-09-12T13:53:00.201+03:00  INFO 2728 --- [web] [scheduling-1] c.c.w.c.CoinExchangeRateService          : Fetching from CoinGecko takes 186.2029
2025-09-12T13:53:00.203+03:00  INFO 2728 --- [web] [scheduling-1] c.c.w.c.s.CoinExchangeRateScheduler      : Rabbit MQ time 1.3249 ms
2025-09-12T13:53:00.216+03:00  INFO 2728 --- [web] [scheduling-1] c.c.w.c.CoinExchangeRateService          : Saving in DB & CACHE  0.0438 ms
2025-09-12T13:53:00.218+03:00  INFO 2728 --- [web] [scheduling-1] c.c.w.c.s.CoinExchangeRateScheduler      : Scheduled job finished: exchange rates refreshed. Total duration: 203 ms
2025-09-12T13:53:14.471+03:00  INFO 2728 --- [web] [org.springframework.amqp.rabbit.RabbitListenerEndpointContainer#0-2] o.s.a.r.l.SimpleMessageListenerContainer : Waiting for workers to finish.
2025-09-12T13:53:14.473+03:00  INFO 2728 --- [web] [org.springframework.amqp.rabbit.RabbitListenerEndpointContainer#1-2] o.s.a.r.l.SimpleMessageListenerContainer : Waiting for workers to finish.
2025-09-12T13:53:14.475+03:00  INFO 2728 --- [web] [org.springframework.amqp.rabbit.RabbitListenerEndpointContainer#2-2] o.s.a.r.l.SimpleMessageListenerContainer : Waiting for workers to finish.
2025-09-12T13:53:14.781+03:00  INFO 2728 --- [web] [org.springframework.amqp.rabbit.RabbitListenerEndpointContainer#1-2] o.s.a.r.l.SimpleMessageListenerContainer : Successfully waited for workers to finish.
2025-09-12T13:53:14.826+03:00  INFO 2728 --- [web] [org.springframework.amqp.rabbit.RabbitListenerEndpointContainer#2-2] o.s.a.r.l.SimpleMessageListenerContainer : Successfully waited for workers to finish.
2025-09-12T13:53:15.406+03:00  INFO 2728 --- [web] [org.springframework.amqp.rabbit.RabbitListenerEndpointContainer#0-2] o.s.a.r.l.SimpleMessageListenerContainer : Successfully waited for workers to finish.
2025-09-12T13:53:15.408+03:00  INFO 2728 --- [web] [SpringApplicationShutdownHook] o.s.b.w.e.tomcat.GracefulShutdown        : Commencing graceful shutdown. Waiting for active requests to complete
2025-09-12T13:53:15.418+03:00  INFO 2728 --- [web] [tomcat-shutdown] o.s.b.w.e.tomcat.GracefulShutdown        : Graceful shutdown complete
2025-09-12T13:53:15.462+03:00  INFO 2728 --- [web] [SpringApplicationShutdownHook] j.LocalContainerEntityManagerFactoryBean : Closing JPA EntityManagerFactory for persistence unit 'default'
2025-09-12T13:53:15.466+03:00  INFO 2728 --- [web] [SpringApplicationShutdownHook] com.zaxxer.hikari.HikariDataSource       : HikariPool-1 - Shutdown initiated...
2025-09-12T13:53:15.467+03:00  INFO 2728 --- [web] [SpringApplicationShutdownHook] com.zaxxer.hikari.HikariDataSource       : HikariPool-1 - Shutdown completed.
