2025-09-19T19:31:47.302+03:00  INFO 23064 --- [web] [main] com.coinflux.web.WebApplication          : Starting WebApplication using Java 21.0.7 with PID 23064 (C:\Users\Abderhman-Gharib\Desktop\adel\Coin-Flux\target\classes started by Abderhman-Gharib in C:\Users\Abderhman-Gharib\Desktop\adel\Coin-Flux)
2025-09-19T19:31:47.309+03:00  INFO 23064 --- [web] [main] com.coinflux.web.WebApplication          : No active profile set, falling back to 1 default profile: "default"
2025-09-19T19:31:48.356+03:00  INFO 23064 --- [web] [main] .s.d.r.c.RepositoryConfigurationDelegate : Multiple Spring Data modules found, entering strict repository configuration mode
2025-09-19T19:31:48.357+03:00  INFO 23064 --- [web] [main] .s.d.r.c.RepositoryConfigurationDelegate : Bootstrapping Spring Data JPA repositories in DEFAULT mode.
2025-09-19T19:31:48.515+03:00  INFO 23064 --- [web] [main] .s.d.r.c.RepositoryConfigurationDelegate : Finished Spring Data repository scanning in 152 ms. Found 5 JPA repository interfaces.
2025-09-19T19:31:48.526+03:00  INFO 23064 --- [web] [main] .s.d.r.c.RepositoryConfigurationDelegate : Multiple Spring Data modules found, entering strict repository configuration mode
2025-09-19T19:31:48.527+03:00  INFO 23064 --- [web] [main] .s.d.r.c.RepositoryConfigurationDelegate : Bootstrapping Spring Data Redis repositories in DEFAULT mode.
2025-09-19T19:31:48.543+03:00  INFO 23064 --- [web] [main] .RepositoryConfigurationExtensionSupport : Spring Data Redis - Could not safely identify store assignment for repository candidate interface com.coinflux.web.coin.CoinRepository; If you want this repository to be a Redis repository, consider annotating your entities with one of these annotations: org.springframework.data.redis.core.RedisHash (preferred), or consider extending one of the following types with your repository: org.springframework.data.keyvalue.repository.KeyValueRepository
2025-09-19T19:31:48.543+03:00  INFO 23064 --- [web] [main] .RepositoryConfigurationExtensionSupport : Spring Data Redis - Could not safely identify store assignment for repository candidate interface com.coinflux.web.coin_exchange_rate.CoinExchangeRateRepository; If you want this repository to be a Redis repository, consider annotating your entities with one of these annotations: org.springframework.data.redis.core.RedisHash (preferred), or consider extending one of the following types with your repository: org.springframework.data.keyvalue.repository.KeyValueRepository
2025-09-19T19:31:48.543+03:00  INFO 23064 --- [web] [main] .RepositoryConfigurationExtensionSupport : Spring Data Redis - Could not safely identify store assignment for repository candidate interface com.coinflux.web.notification.NotificationRepository; If you want this repository to be a Redis repository, consider annotating your entities with one of these annotations: org.springframework.data.redis.core.RedisHash (preferred), or consider extending one of the following types with your repository: org.springframework.data.keyvalue.repository.KeyValueRepository
2025-09-19T19:31:48.544+03:00  INFO 23064 --- [web] [main] .RepositoryConfigurationExtensionSupport : Spring Data Redis - Could not safely identify store assignment for repository candidate interface com.coinflux.web.user.UserRepository; If you want this repository to be a Redis repository, consider annotating your entities with one of these annotations: org.springframework.data.redis.core.RedisHash (preferred), or consider extending one of the following types with your repository: org.springframework.data.keyvalue.repository.KeyValueRepository
2025-09-19T19:31:48.544+03:00  INFO 23064 --- [web] [main] .RepositoryConfigurationExtensionSupport : Spring Data Redis - Could not safely identify store assignment for repository candidate interface com.coinflux.web.user_coin_watchlist.UserCoinWatchlistRepository; If you want this repository to be a Redis repository, consider annotating your entities with one of these annotations: org.springframework.data.redis.core.RedisHash (preferred), or consider extending one of the following types with your repository: org.springframework.data.keyvalue.repository.KeyValueRepository
2025-09-19T19:31:48.545+03:00  INFO 23064 --- [web] [main] .s.d.r.c.RepositoryConfigurationDelegate : Finished Spring Data repository scanning in 12 ms. Found 0 Redis repository interfaces.
2025-09-19T19:31:48.719+03:00  INFO 23064 --- [web] [main] o.s.cloud.context.scope.GenericScope     : BeanFactory id=8fa11565-5a46-3265-b7a6-b878b5b4f1f7
2025-09-19T19:31:49.065+03:00  INFO 23064 --- [web] [main] o.s.b.w.embedded.tomcat.TomcatWebServer  : Tomcat initialized with port 8080 (http)
2025-09-19T19:31:49.076+03:00  INFO 23064 --- [web] [main] o.apache.catalina.core.StandardService   : Starting service [Tomcat]
2025-09-19T19:31:49.076+03:00  INFO 23064 --- [web] [main] o.apache.catalina.core.StandardEngine    : Starting Servlet engine: [Apache Tomcat/10.1.36]
2025-09-19T19:31:49.124+03:00  INFO 23064 --- [web] [main] o.a.c.c.C.[Tomcat].[localhost].[/]       : Initializing Spring embedded WebApplicationContext
2025-09-19T19:31:49.125+03:00  INFO 23064 --- [web] [main] w.s.c.ServletWebServerApplicationContext : Root WebApplicationContext: initialization completed in 1769 ms
2025-09-19T19:31:49.226+03:00  INFO 23064 --- [web] [main] o.hibernate.jpa.internal.util.LogHelper  : HHH000204: Processing PersistenceUnitInfo [name: default]
2025-09-19T19:31:49.285+03:00  INFO 23064 --- [web] [main] org.hibernate.Version                    : HHH000412: Hibernate ORM core version 6.6.8.Final
2025-09-19T19:31:49.317+03:00  INFO 23064 --- [web] [main] o.h.c.internal.RegionFactoryInitiator    : HHH000026: Second-level cache disabled
2025-09-19T19:31:49.537+03:00  INFO 23064 --- [web] [main] o.s.o.j.p.SpringPersistenceUnitInfo      : No LoadTimeWeaver setup: ignoring JPA class transformer
2025-09-19T19:31:49.561+03:00  INFO 23064 --- [web] [main] com.zaxxer.hikari.HikariDataSource       : HikariPool-1 - Starting...
2025-09-19T19:31:49.667+03:00  INFO 23064 --- [web] [main] com.zaxxer.hikari.pool.HikariPool        : HikariPool-1 - Added connection org.postgresql.jdbc.PgConnection@391e85df
2025-09-19T19:31:49.668+03:00  INFO 23064 --- [web] [main] com.zaxxer.hikari.HikariDataSource       : HikariPool-1 - Start completed.
2025-09-19T19:31:49.728+03:00  INFO 23064 --- [web] [main] org.hibernate.orm.connections.pooling    : HHH10001005: Database info:
	Database JDBC URL [Connecting through datasource 'HikariDataSource (HikariPool-1)']
	Database driver: undefined/unknown
	Database version: 16.10
	Autocommit mode: undefined/unknown
	Isolation level: undefined/unknown
	Minimum pool size: undefined/unknown
	Maximum pool size: undefined/unknown
2025-09-19T19:31:50.502+03:00  INFO 23064 --- [web] [main] o.h.e.t.j.p.i.JtaPlatformInitiator       : HHH000489: No JTA platform available (set 'hibernate.transaction.jta.platform' to enable JTA platform integration)
2025-09-19T19:31:50.777+03:00  INFO 23064 --- [web] [main] j.LocalContainerEntityManagerFactoryBean : Initialized JPA EntityManagerFactory for persistence unit 'default'
2025-09-19T19:31:50.987+03:00 DEBUG 23064 --- [web] [main] o.s.b.w.s.ServletContextInitializerBeans : Mapping filters: springSecurityFilterChain urls=[/*] order=-100, characterEncodingFilter urls=[/*] order=-2147483648, formContentFilter urls=[/*] order=-9900, requestContextFilter urls=[/*] order=-105, jwtAuthenticationFilter urls=[/*] order=2147483647
2025-09-19T19:31:50.987+03:00 DEBUG 23064 --- [web] [main] o.s.b.w.s.ServletContextInitializerBeans : Mapping servlets: dispatcherServlet urls=[/]
2025-09-19T19:31:51.127+03:00  INFO 23064 --- [web] [main] eAuthenticationProviderManagerConfigurer : Global AuthenticationManager configured with AuthenticationProvider bean with name authenticationProvider
2025-09-19T19:31:51.128+03:00  WARN 23064 --- [web] [main] r$InitializeUserDetailsManagerConfigurer : Global AuthenticationManager configured with an AuthenticationProvider bean. UserDetailsService beans will not be used by Spring Security for automatically configuring username/password login. Consider removing the AuthenticationProvider bean. Alternatively, consider using the UserDetailsService in a manually instantiated DaoAuthenticationProvider. If the current configuration is intentional, to turn off this warning, increase the logging level of 'org.springframework.security.config.annotation.authentication.configuration.InitializeUserDetailsBeanManagerConfigurer' to ERROR
2025-09-19T19:31:51.301+03:00  WARN 23064 --- [web] [main] JpaBaseConfiguration$JpaWebConfiguration : spring.jpa.open-in-view is enabled by default. Therefore, database queries may be performed during view rendering. Explicitly configure spring.jpa.open-in-view to disable this warning
2025-09-19T19:31:51.767+03:00  INFO 23064 --- [web] [main] o.s.d.j.r.query.QueryEnhancerFactory     : Hibernate is in classpath; If applicable, HQL parser will be used.
2025-09-19T19:31:52.285+03:00 DEBUG 23064 --- [web] [main] s.w.s.m.m.a.RequestMappingHandlerMapping : 24 mappings in 'requestMappingHandlerMapping'
2025-09-19T19:31:52.354+03:00 DEBUG 23064 --- [web] [main] o.s.w.s.handler.SimpleUrlHandlerMapping  : Patterns [/webjars/**, /**, /swagger-ui*/*swagger-initializer.js, /swagger-ui*/**] in 'resourceHandlerMapping'
2025-09-19T19:31:52.428+03:00 DEBUG 23064 --- [web] [main] s.w.s.m.m.a.RequestMappingHandlerAdapter : ControllerAdvice beans: 0 @ModelAttribute, 0 @InitBinder, 1 RequestBodyAdvice, 1 ResponseBodyAdvice
2025-09-19T19:31:52.458+03:00 DEBUG 23064 --- [web] [main] .m.m.a.ExceptionHandlerExceptionResolver : ControllerAdvice beans: 2 @ExceptionHandler, 1 ResponseBodyAdvice
2025-09-19T19:31:52.718+03:00  WARN 23064 --- [web] [main] ConfigServletWebServerApplicationContext : Exception encountered during context initialization - cancelling refresh attempt: org.springframework.context.ApplicationContextException: Failed to start bean 'webServerStartStop'
2025-09-19T19:31:52.732+03:00  INFO 23064 --- [web] [main] j.LocalContainerEntityManagerFactoryBean : Closing JPA EntityManagerFactory for persistence unit 'default'
2025-09-19T19:31:52.733+03:00  INFO 23064 --- [web] [main] com.zaxxer.hikari.HikariDataSource       : HikariPool-1 - Shutdown initiated...
2025-09-19T19:31:52.736+03:00  INFO 23064 --- [web] [main] com.zaxxer.hikari.HikariDataSource       : HikariPool-1 - Shutdown completed.
2025-09-19T19:31:52.747+03:00  INFO 23064 --- [web] [main] .s.b.a.l.ConditionEvaluationReportLogger : 

Error starting ApplicationContext. To display the condition evaluation report re-run your application with 'debug' enabled.
2025-09-19T19:31:52.760+03:00 ERROR 23064 --- [web] [main] o.s.b.d.LoggingFailureAnalysisReporter   : 

***************************
APPLICATION FAILED TO START
***************************

Description:

Web server failed to start. Port 8080 was already in use.

Action:

Identify and stop the process that's listening on port 8080 or configure this application to listen on another port.

2025-09-19T19:32:31.156+03:00  INFO 500 --- [web] [main] com.coinflux.web.WebApplication          : Starting WebApplication using Java 21.0.7 with PID 500 (C:\Users\Abderhman-Gharib\Desktop\adel\Coin-Flux\target\classes started by Abderhman-Gharib in C:\Users\Abderhman-Gharib\Desktop\adel\Coin-Flux)
2025-09-19T19:32:31.157+03:00  INFO 500 --- [web] [main] com.coinflux.web.WebApplication          : No active profile set, falling back to 1 default profile: "default"
2025-09-19T19:32:32.159+03:00  INFO 500 --- [web] [main] .s.d.r.c.RepositoryConfigurationDelegate : Multiple Spring Data modules found, entering strict repository configuration mode
2025-09-19T19:32:32.160+03:00  INFO 500 --- [web] [main] .s.d.r.c.RepositoryConfigurationDelegate : Bootstrapping Spring Data JPA repositories in DEFAULT mode.
2025-09-19T19:32:32.322+03:00  INFO 500 --- [web] [main] .s.d.r.c.RepositoryConfigurationDelegate : Finished Spring Data repository scanning in 156 ms. Found 5 JPA repository interfaces.
2025-09-19T19:32:32.333+03:00  INFO 500 --- [web] [main] .s.d.r.c.RepositoryConfigurationDelegate : Multiple Spring Data modules found, entering strict repository configuration mode
2025-09-19T19:32:32.334+03:00  INFO 500 --- [web] [main] .s.d.r.c.RepositoryConfigurationDelegate : Bootstrapping Spring Data Redis repositories in DEFAULT mode.
2025-09-19T19:32:32.351+03:00  INFO 500 --- [web] [main] .RepositoryConfigurationExtensionSupport : Spring Data Redis - Could not safely identify store assignment for repository candidate interface com.coinflux.web.coin.CoinRepository; If you want this repository to be a Redis repository, consider annotating your entities with one of these annotations: org.springframework.data.redis.core.RedisHash (preferred), or consider extending one of the following types with your repository: org.springframework.data.keyvalue.repository.KeyValueRepository
2025-09-19T19:32:32.351+03:00  INFO 500 --- [web] [main] .RepositoryConfigurationExtensionSupport : Spring Data Redis - Could not safely identify store assignment for repository candidate interface com.coinflux.web.coin_exchange_rate.CoinExchangeRateRepository; If you want this repository to be a Redis repository, consider annotating your entities with one of these annotations: org.springframework.data.redis.core.RedisHash (preferred), or consider extending one of the following types with your repository: org.springframework.data.keyvalue.repository.KeyValueRepository
2025-09-19T19:32:32.351+03:00  INFO 500 --- [web] [main] .RepositoryConfigurationExtensionSupport : Spring Data Redis - Could not safely identify store assignment for repository candidate interface com.coinflux.web.notification.NotificationRepository; If you want this repository to be a Redis repository, consider annotating your entities with one of these annotations: org.springframework.data.redis.core.RedisHash (preferred), or consider extending one of the following types with your repository: org.springframework.data.keyvalue.repository.KeyValueRepository
2025-09-19T19:32:32.351+03:00  INFO 500 --- [web] [main] .RepositoryConfigurationExtensionSupport : Spring Data Redis - Could not safely identify store assignment for repository candidate interface com.coinflux.web.user.UserRepository; If you want this repository to be a Redis repository, consider annotating your entities with one of these annotations: org.springframework.data.redis.core.RedisHash (preferred), or consider extending one of the following types with your repository: org.springframework.data.keyvalue.repository.KeyValueRepository
2025-09-19T19:32:32.352+03:00  INFO 500 --- [web] [main] .RepositoryConfigurationExtensionSupport : Spring Data Redis - Could not safely identify store assignment for repository candidate interface com.coinflux.web.user_coin_watchlist.UserCoinWatchlistRepository; If you want this repository to be a Redis repository, consider annotating your entities with one of these annotations: org.springframework.data.redis.core.RedisHash (preferred), or consider extending one of the following types with your repository: org.springframework.data.keyvalue.repository.KeyValueRepository
2025-09-19T19:32:32.352+03:00  INFO 500 --- [web] [main] .s.d.r.c.RepositoryConfigurationDelegate : Finished Spring Data repository scanning in 12 ms. Found 0 Redis repository interfaces.
2025-09-19T19:32:32.541+03:00  INFO 500 --- [web] [main] o.s.cloud.context.scope.GenericScope     : BeanFactory id=8fa11565-5a46-3265-b7a6-b878b5b4f1f7
2025-09-19T19:32:32.865+03:00  INFO 500 --- [web] [main] o.s.b.w.embedded.tomcat.TomcatWebServer  : Tomcat initialized with port 8080 (http)
2025-09-19T19:32:32.875+03:00  INFO 500 --- [web] [main] o.apache.catalina.core.StandardService   : Starting service [Tomcat]
2025-09-19T19:32:32.876+03:00  INFO 500 --- [web] [main] o.apache.catalina.core.StandardEngine    : Starting Servlet engine: [Apache Tomcat/10.1.36]
2025-09-19T19:32:32.929+03:00  INFO 500 --- [web] [main] o.a.c.c.C.[Tomcat].[localhost].[/]       : Initializing Spring embedded WebApplicationContext
2025-09-19T19:32:32.930+03:00  INFO 500 --- [web] [main] w.s.c.ServletWebServerApplicationContext : Root WebApplicationContext: initialization completed in 1744 ms
2025-09-19T19:32:33.014+03:00  INFO 500 --- [web] [main] o.hibernate.jpa.internal.util.LogHelper  : HHH000204: Processing PersistenceUnitInfo [name: default]
2025-09-19T19:32:33.049+03:00  INFO 500 --- [web] [main] org.hibernate.Version                    : HHH000412: Hibernate ORM core version 6.6.8.Final
2025-09-19T19:32:33.069+03:00  INFO 500 --- [web] [main] o.h.c.internal.RegionFactoryInitiator    : HHH000026: Second-level cache disabled
2025-09-19T19:32:33.229+03:00  INFO 500 --- [web] [main] o.s.o.j.p.SpringPersistenceUnitInfo      : No LoadTimeWeaver setup: ignoring JPA class transformer
2025-09-19T19:32:33.248+03:00  INFO 500 --- [web] [main] com.zaxxer.hikari.HikariDataSource       : HikariPool-1 - Starting...
2025-09-19T19:32:33.338+03:00  INFO 500 --- [web] [main] com.zaxxer.hikari.pool.HikariPool        : HikariPool-1 - Added connection org.postgresql.jdbc.PgConnection@3bb4c2b2
2025-09-19T19:32:33.339+03:00  INFO 500 --- [web] [main] com.zaxxer.hikari.HikariDataSource       : HikariPool-1 - Start completed.
2025-09-19T19:32:33.383+03:00  INFO 500 --- [web] [main] org.hibernate.orm.connections.pooling    : HHH10001005: Database info:
	Database JDBC URL [Connecting through datasource 'HikariDataSource (HikariPool-1)']
	Database driver: undefined/unknown
	Database version: 16.10
	Autocommit mode: undefined/unknown
	Isolation level: undefined/unknown
	Minimum pool size: undefined/unknown
	Maximum pool size: undefined/unknown
2025-09-19T19:32:34.066+03:00  INFO 500 --- [web] [main] o.h.e.t.j.p.i.JtaPlatformInitiator       : HHH000489: No JTA platform available (set 'hibernate.transaction.jta.platform' to enable JTA platform integration)
2025-09-19T19:32:34.310+03:00  INFO 500 --- [web] [main] j.LocalContainerEntityManagerFactoryBean : Initialized JPA EntityManagerFactory for persistence unit 'default'
2025-09-19T19:32:34.485+03:00 DEBUG 500 --- [web] [main] o.s.b.w.s.ServletContextInitializerBeans : Mapping filters: springSecurityFilterChain urls=[/*] order=-100, characterEncodingFilter urls=[/*] order=-2147483648, formContentFilter urls=[/*] order=-9900, requestContextFilter urls=[/*] order=-105, jwtAuthenticationFilter urls=[/*] order=2147483647
2025-09-19T19:32:34.485+03:00 DEBUG 500 --- [web] [main] o.s.b.w.s.ServletContextInitializerBeans : Mapping servlets: dispatcherServlet urls=[/]
2025-09-19T19:32:34.571+03:00  INFO 500 --- [web] [main] eAuthenticationProviderManagerConfigurer : Global AuthenticationManager configured with AuthenticationProvider bean with name authenticationProvider
2025-09-19T19:32:34.571+03:00  WARN 500 --- [web] [main] r$InitializeUserDetailsManagerConfigurer : Global AuthenticationManager configured with an AuthenticationProvider bean. UserDetailsService beans will not be used by Spring Security for automatically configuring username/password login. Consider removing the AuthenticationProvider bean. Alternatively, consider using the UserDetailsService in a manually instantiated DaoAuthenticationProvider. If the current configuration is intentional, to turn off this warning, increase the logging level of 'org.springframework.security.config.annotation.authentication.configuration.InitializeUserDetailsBeanManagerConfigurer' to ERROR
2025-09-19T19:32:34.719+03:00  WARN 500 --- [web] [main] JpaBaseConfiguration$JpaWebConfiguration : spring.jpa.open-in-view is enabled by default. Therefore, database queries may be performed during view rendering. Explicitly configure spring.jpa.open-in-view to disable this warning
2025-09-19T19:32:35.109+03:00  INFO 500 --- [web] [main] o.s.d.j.r.query.QueryEnhancerFactory     : Hibernate is in classpath; If applicable, HQL parser will be used.
2025-09-19T19:32:35.568+03:00 DEBUG 500 --- [web] [main] s.w.s.m.m.a.RequestMappingHandlerMapping : 24 mappings in 'requestMappingHandlerMapping'
2025-09-19T19:32:35.632+03:00 DEBUG 500 --- [web] [main] o.s.w.s.handler.SimpleUrlHandlerMapping  : Patterns [/webjars/**, /**, /swagger-ui*/*swagger-initializer.js, /swagger-ui*/**] in 'resourceHandlerMapping'
2025-09-19T19:32:35.712+03:00 DEBUG 500 --- [web] [main] s.w.s.m.m.a.RequestMappingHandlerAdapter : ControllerAdvice beans: 0 @ModelAttribute, 0 @InitBinder, 1 RequestBodyAdvice, 1 ResponseBodyAdvice
2025-09-19T19:32:35.744+03:00 DEBUG 500 --- [web] [main] .m.m.a.ExceptionHandlerExceptionResolver : ControllerAdvice beans: 2 @ExceptionHandler, 1 ResponseBodyAdvice
2025-09-19T19:32:36.001+03:00  INFO 500 --- [web] [main] o.s.b.w.embedded.tomcat.TomcatWebServer  : Tomcat started on port 8080 (http) with context path '/'
2025-09-19T19:32:36.007+03:00  INFO 500 --- [web] [main] o.s.a.r.c.CachingConnectionFactory       : Attempting to connect to: [localhost:5672]
2025-09-19T19:32:36.043+03:00  INFO 500 --- [web] [main] o.s.a.r.c.CachingConnectionFactory       : Created new connection: rabbitConnectionFactory#107ac2b6:0/SimpleConnection@53c7c937 [delegate=amqp://coinflux@127.0.0.1:5672/, localPort=56924]
2025-09-19T19:32:36.122+03:00  INFO 500 --- [web] [main] com.coinflux.web.WebApplication          : Started WebApplication in 5.246 seconds (process running for 5.935)
2025-09-19T19:33:00.361+03:00  INFO 500 --- [web] [scheduling-1] c.c.w.c.CoinExchangeRateService          : No keys found to flush from Redis cache
2025-09-19T19:33:01.328+03:00 DEBUG 500 --- [web] [scheduling-1] o.s.w.c.HttpMessageConverterExtractor    : Reading to [com.coinflux.web.coin_exchange_rate.client.coin_gecko.dtos.ExchangeRatesResponse]
2025-09-19T19:33:01.345+03:00  INFO 500 --- [web] [scheduling-1] c.c.w.c.CoinExchangeRateService          : Fetching from CoinGecko takes 983.7922
2025-09-19T19:33:01.385+03:00  INFO 500 --- [web] [scheduling-1] c.c.w.c.s.CoinExchangeRateScheduler      : Rabbit MQ time 40.0152 ms
2025-09-19T19:33:01.500+03:00  INFO 500 --- [web] [scheduling-1] c.c.w.c.CoinExchangeRateService          : Saving in DB & CACHE  0.7046 ms
2025-09-19T19:33:01.502+03:00  INFO 500 --- [web] [scheduling-1] c.c.w.c.s.CoinExchangeRateScheduler      : Scheduled job finished: exchange rates refreshed. Total duration: 1141 ms
2025-09-19T19:33:05.356+03:00  INFO 500 --- [web] [http-nio-8080-exec-2] o.a.c.c.C.[Tomcat].[localhost].[/]       : Initializing Spring DispatcherServlet 'dispatcherServlet'
2025-09-19T19:33:05.356+03:00  INFO 500 --- [web] [http-nio-8080-exec-2] o.s.web.servlet.DispatcherServlet        : Initializing Servlet 'dispatcherServlet'
2025-09-19T19:33:05.356+03:00 DEBUG 500 --- [web] [http-nio-8080-exec-2] o.s.web.servlet.DispatcherServlet        : Detected StandardServletMultipartResolver
2025-09-19T19:33:05.356+03:00 DEBUG 500 --- [web] [http-nio-8080-exec-2] o.s.web.servlet.DispatcherServlet        : Detected AcceptHeaderLocaleResolver
2025-09-19T19:33:05.356+03:00 DEBUG 500 --- [web] [http-nio-8080-exec-2] o.s.web.servlet.DispatcherServlet        : Detected FixedThemeResolver
2025-09-19T19:33:05.358+03:00 DEBUG 500 --- [web] [http-nio-8080-exec-2] o.s.web.servlet.DispatcherServlet        : Detected org.springframework.web.servlet.view.DefaultRequestToViewNameTranslator@662b17b3
2025-09-19T19:33:05.358+03:00 DEBUG 500 --- [web] [http-nio-8080-exec-2] o.s.web.servlet.DispatcherServlet        : Detected org.springframework.web.servlet.support.SessionFlashMapManager@2040722f
2025-09-19T19:33:05.358+03:00 DEBUG 500 --- [web] [http-nio-8080-exec-2] o.s.web.servlet.DispatcherServlet        : enableLoggingRequestDetails='false': request parameters and headers will be masked to prevent unsafe logging of potentially sensitive data
2025-09-19T19:33:05.358+03:00  INFO 500 --- [web] [http-nio-8080-exec-2] o.s.web.servlet.DispatcherServlet        : Completed initialization in 2 ms
2025-09-19T19:33:05.378+03:00 DEBUG 500 --- [web] [http-nio-8080-exec-2] o.s.web.servlet.DispatcherServlet        : POST "/api/auth/register", parameters={}
2025-09-19T19:33:05.381+03:00 DEBUG 500 --- [web] [http-nio-8080-exec-2] s.w.s.m.m.a.RequestMappingHandlerMapping : Mapped to com.coinflux.web.auth.AuthController#register(RegisterRequest)
2025-09-19T19:33:05.394+03:00 DEBUG 500 --- [web] [http-nio-8080-exec-2] m.m.a.RequestResponseBodyMethodProcessor : Read "application/json;charset=UTF-8" to [RegisterRequest(username=abdo, firstName=abdo, lastName=ghareeb, email=abdo@gmail.com, password=Abdo (truncated)...]
2025-09-19T19:33:05.413+03:00 DEBUG 500 --- [web] [http-nio-8080-exec-2] .m.m.a.ExceptionHandlerExceptionResolver : Using @ExceptionHandler com.coinflux.web.shared.config.GlobalExceptionHandler#handleAuthException(AuthException)
2025-09-19T19:33:05.421+03:00 DEBUG 500 --- [web] [http-nio-8080-exec-2] o.s.w.s.m.m.a.HttpEntityMethodProcessor  : Using 'application/json', given [*/*] and supported [application/json, application/*+json, application/yaml]
2025-09-19T19:33:05.422+03:00 DEBUG 500 --- [web] [http-nio-8080-exec-2] o.s.w.s.m.m.a.HttpEntityMethodProcessor  : Writing [ErrorObject(errorMsg=User already exists with abdo@gmail.com, errorCode=401, timestamp=2025-09-19T19 (truncated)...]
2025-09-19T19:33:05.428+03:00 DEBUG 500 --- [web] [http-nio-8080-exec-2] .m.m.a.ExceptionHandlerExceptionResolver : Resolved [com.coinflux.web.auth.exceptions.UserAlreadyExistsException: User already exists with abdo@gmail.com]
2025-09-19T19:33:05.429+03:00 DEBUG 500 --- [web] [http-nio-8080-exec-2] o.s.web.servlet.DispatcherServlet        : Completed 401 UNAUTHORIZED
2025-09-19T19:33:30.004+03:00  INFO 500 --- [web] [scheduling-1] c.c.w.c.CoinExchangeRateService          : No keys found to flush from Redis cache
2025-09-19T19:33:30.863+03:00 DEBUG 500 --- [web] [scheduling-1] o.s.w.c.HttpMessageConverterExtractor    : Reading to [com.coinflux.web.coin_exchange_rate.client.coin_gecko.dtos.ExchangeRatesResponse]
2025-09-19T19:33:30.866+03:00  INFO 500 --- [web] [scheduling-1] c.c.w.c.CoinExchangeRateService          : Fetching from CoinGecko takes 857.941
2025-09-19T19:33:30.882+03:00  INFO 500 --- [web] [scheduling-1] c.c.w.c.s.CoinExchangeRateScheduler      : Rabbit MQ time 16.4451 ms
2025-09-19T19:33:30.886+03:00  INFO 500 --- [web] [scheduling-1] c.c.w.c.CoinExchangeRateService          : Saving in DB & CACHE  0.0817 ms
2025-09-19T19:33:30.887+03:00  INFO 500 --- [web] [scheduling-1] c.c.w.c.s.CoinExchangeRateScheduler      : Scheduled job finished: exchange rates refreshed. Total duration: 880 ms
2025-09-19T19:33:34.406+03:00 DEBUG 500 --- [web] [http-nio-8080-exec-4] o.s.web.servlet.DispatcherServlet        : POST "/api/auth/login", parameters={}
2025-09-19T19:33:34.407+03:00 DEBUG 500 --- [web] [http-nio-8080-exec-4] s.w.s.m.m.a.RequestMappingHandlerMapping : Mapped to com.coinflux.web.auth.AuthController#login(LoginRequest)
2025-09-19T19:33:34.408+03:00 DEBUG 500 --- [web] [http-nio-8080-exec-4] m.m.a.RequestResponseBodyMethodProcessor : Read "application/json;charset=UTF-8" to [LoginRequest(email=abdo@gmail.com, password=Abdo.1020)]
2025-09-19T19:33:34.581+03:00 DEBUG 500 --- [web] [http-nio-8080-exec-4] o.s.w.s.m.m.a.HttpEntityMethodProcessor  : Using 'application/json', given [*/*] and supported [application/json, application/*+json, application/yaml]
2025-09-19T19:33:34.581+03:00 DEBUG 500 --- [web] [http-nio-8080-exec-4] o.s.w.s.m.m.a.HttpEntityMethodProcessor  : Writing [LoginResponse(user=UserDTO(id=1, firstName=abdo, lastName=ghareeb, username=abdo, email=abdo@gmail.c (truncated)...]
2025-09-19T19:33:34.584+03:00 DEBUG 500 --- [web] [http-nio-8080-exec-4] o.s.web.servlet.DispatcherServlet        : Completed 200 OK
2025-09-19T19:34:00.015+03:00  INFO 500 --- [web] [scheduling-1] c.c.w.c.CoinExchangeRateService          : No keys found to flush from Redis cache
2025-09-19T19:34:00.972+03:00 DEBUG 500 --- [web] [scheduling-1] o.s.w.c.HttpMessageConverterExtractor    : Reading to [com.coinflux.web.coin_exchange_rate.client.coin_gecko.dtos.ExchangeRatesResponse]
2025-09-19T19:34:00.977+03:00  INFO 500 --- [web] [scheduling-1] c.c.w.c.CoinExchangeRateService          : Fetching from CoinGecko takes 961.5159
2025-09-19T19:34:00.982+03:00  INFO 500 --- [web] [scheduling-1] c.c.w.c.s.CoinExchangeRateScheduler      : Rabbit MQ time 5.2989 ms
2025-09-19T19:34:00.988+03:00  INFO 500 --- [web] [scheduling-1] c.c.w.c.CoinExchangeRateService          : Saving in DB & CACHE  0.145 ms
2025-09-19T19:34:00.992+03:00  INFO 500 --- [web] [scheduling-1] c.c.w.c.s.CoinExchangeRateScheduler      : Scheduled job finished: exchange rates refreshed. Total duration: 977 ms
2025-09-19T19:34:30.015+03:00  INFO 500 --- [web] [scheduling-1] c.c.w.c.CoinExchangeRateService          : No keys found to flush from Redis cache
2025-09-19T19:34:30.358+03:00 DEBUG 500 --- [web] [scheduling-1] o.s.w.c.HttpMessageConverterExtractor    : Reading to [com.coinflux.web.coin_exchange_rate.client.coin_gecko.dtos.ExchangeRatesResponse]
2025-09-19T19:34:30.360+03:00  INFO 500 --- [web] [scheduling-1] c.c.w.c.CoinExchangeRateService          : Fetching from CoinGecko takes 345.3052
2025-09-19T19:34:30.373+03:00  INFO 500 --- [web] [scheduling-1] c.c.w.c.s.CoinExchangeRateScheduler      : Rabbit MQ time 12.642 ms
2025-09-19T19:34:30.377+03:00  INFO 500 --- [web] [scheduling-1] c.c.w.c.CoinExchangeRateService          : Saving in DB & CACHE  0.1125 ms
2025-09-19T19:34:30.379+03:00  INFO 500 --- [web] [scheduling-1] c.c.w.c.s.CoinExchangeRateScheduler      : Scheduled job finished: exchange rates refreshed. Total duration: 364 ms
2025-09-19T19:34:38.644+03:00 DEBUG 500 --- [web] [http-nio-8080-exec-7] o.s.web.servlet.DispatcherServlet        : POST "/api/notifications", parameters={}
2025-09-19T19:34:38.644+03:00 DEBUG 500 --- [web] [http-nio-8080-exec-7] s.w.s.m.m.a.RequestMappingHandlerMapping : Mapped to com.coinflux.web.notification.NotificationController#create(CreateNotificationRequest)
2025-09-19T19:34:38.650+03:00 DEBUG 500 --- [web] [http-nio-8080-exec-7] m.m.a.RequestResponseBodyMethodProcessor : Read "application/json;charset=UTF-8" to [CreateNotificationRequest(userId=1, title=aaaAAAlll, message=ssssAA, type=PRICE_ALERT)]
2025-09-19T19:34:38.704+03:00 DEBUG 500 --- [web] [http-nio-8080-exec-7] m.m.a.RequestResponseBodyMethodProcessor : Using 'application/json', given [*/*] and supported [application/json, application/*+json, application/yaml]
2025-09-19T19:34:38.706+03:00 DEBUG 500 --- [web] [http-nio-8080-exec-7] m.m.a.RequestResponseBodyMethodProcessor : Writing [CreateNotificationResponse(id=5, userId=1, title=aaaAAAlll, message=ssssAA, type=PRICE_ALERT, isRead (truncated)...]
2025-09-19T19:34:38.706+03:00 DEBUG 500 --- [web] [http-nio-8080-exec-7] o.s.web.servlet.DispatcherServlet        : Completed 200 OK
2025-09-19T19:35:00.014+03:00  INFO 500 --- [web] [scheduling-1] c.c.w.c.CoinExchangeRateService          : No keys found to flush from Redis cache
2025-09-19T19:35:00.364+03:00 DEBUG 500 --- [web] [scheduling-1] o.s.w.c.HttpMessageConverterExtractor    : Reading to [com.coinflux.web.coin_exchange_rate.client.coin_gecko.dtos.ExchangeRatesResponse]
2025-09-19T19:35:00.366+03:00  INFO 500 --- [web] [scheduling-1] c.c.w.c.CoinExchangeRateService          : Fetching from CoinGecko takes 351.6677
2025-09-19T19:35:00.382+03:00  INFO 500 --- [web] [scheduling-1] c.c.w.c.s.CoinExchangeRateScheduler      : Rabbit MQ time 15.4203 ms
2025-09-19T19:35:00.390+03:00  INFO 500 --- [web] [scheduling-1] c.c.w.c.CoinExchangeRateService          : Saving in DB & CACHE  0.2084 ms
2025-09-19T19:35:00.393+03:00  INFO 500 --- [web] [scheduling-1] c.c.w.c.s.CoinExchangeRateScheduler      : Scheduled job finished: exchange rates refreshed. Total duration: 379 ms
2025-09-19T19:35:22.148+03:00 DEBUG 500 --- [web] [http-nio-8080-exec-9] o.s.web.servlet.DispatcherServlet        : PATCH "/api/notifications/read/1", parameters={}
2025-09-19T19:35:22.149+03:00 DEBUG 500 --- [web] [http-nio-8080-exec-9] s.w.s.m.m.a.RequestMappingHandlerMapping : Mapped to com.coinflux.web.notification.NotificationController#markOneAsRead(UserDTO, Long)
2025-09-19T19:35:22.160+03:00 DEBUG 500 --- [web] [http-nio-8080-exec-9] .m.m.a.ExceptionHandlerExceptionResolver : Using @ExceptionHandler com.coinflux.web.shared.config.GlobalExceptionHandler#handleGeneralException(Exception)
2025-09-19T19:35:22.161+03:00 DEBUG 500 --- [web] [http-nio-8080-exec-9] o.s.w.s.m.m.a.HttpEntityMethodProcessor  : Using 'application/json', given [*/*] and supported [application/json, application/*+json, application/yaml]
2025-09-19T19:35:22.161+03:00 DEBUG 500 --- [web] [http-nio-8080-exec-9] o.s.w.s.m.m.a.HttpEntityMethodProcessor  : Writing [ErrorObject(errorMsg=No argument for named parameter ':now', errorCode=500, timestamp=2025-09-19T19: (truncated)...]
2025-09-19T19:35:22.161+03:00 DEBUG 500 --- [web] [http-nio-8080-exec-9] .m.m.a.ExceptionHandlerExceptionResolver : Resolved [org.springframework.dao.InvalidDataAccessResourceUsageException: No argument for named parameter ':now']
2025-09-19T19:35:22.161+03:00 DEBUG 500 --- [web] [http-nio-8080-exec-9] o.s.web.servlet.DispatcherServlet        : Completed 500 INTERNAL_SERVER_ERROR
2025-09-19T19:35:30.004+03:00  INFO 500 --- [web] [scheduling-1] c.c.w.c.CoinExchangeRateService          : No keys found to flush from Redis cache
2025-09-19T19:35:30.468+03:00 DEBUG 500 --- [web] [scheduling-1] o.s.w.c.HttpMessageConverterExtractor    : Reading to [com.coinflux.web.coin_exchange_rate.client.coin_gecko.dtos.ExchangeRatesResponse]
2025-09-19T19:35:30.469+03:00  INFO 500 --- [web] [scheduling-1] c.c.w.c.CoinExchangeRateService          : Fetching from CoinGecko takes 464.8274
2025-09-19T19:35:30.474+03:00  INFO 500 --- [web] [scheduling-1] c.c.w.c.s.CoinExchangeRateScheduler      : Rabbit MQ time 4.79 ms
2025-09-19T19:35:30.479+03:00  INFO 500 --- [web] [scheduling-1] c.c.w.c.CoinExchangeRateService          : Saving in DB & CACHE  0.0227 ms
2025-09-19T19:35:30.481+03:00  INFO 500 --- [web] [scheduling-1] c.c.w.c.s.CoinExchangeRateScheduler      : Scheduled job finished: exchange rates refreshed. Total duration: 476 ms
2025-09-19T19:36:00.015+03:00  INFO 500 --- [web] [scheduling-1] c.c.w.c.CoinExchangeRateService          : No keys found to flush from Redis cache
2025-09-19T19:36:00.368+03:00 DEBUG 500 --- [web] [scheduling-1] o.s.w.c.HttpMessageConverterExtractor    : Reading to [com.coinflux.web.coin_exchange_rate.client.coin_gecko.dtos.ExchangeRatesResponse]
2025-09-19T19:36:00.371+03:00  INFO 500 --- [web] [scheduling-1] c.c.w.c.CoinExchangeRateService          : Fetching from CoinGecko takes 354.4419
2025-09-19T19:36:00.374+03:00  INFO 500 --- [web] [scheduling-1] c.c.w.c.s.CoinExchangeRateScheduler      : Rabbit MQ time 3.1172 ms
2025-09-19T19:36:00.379+03:00  INFO 500 --- [web] [scheduling-1] c.c.w.c.CoinExchangeRateService          : Saving in DB & CACHE  0.0218 ms
2025-09-19T19:36:00.381+03:00  INFO 500 --- [web] [scheduling-1] c.c.w.c.s.CoinExchangeRateScheduler      : Scheduled job finished: exchange rates refreshed. Total duration: 365 ms
2025-09-19T19:36:30.007+03:00  INFO 500 --- [web] [scheduling-1] c.c.w.c.CoinExchangeRateService          : No keys found to flush from Redis cache
2025-09-19T19:36:30.377+03:00 DEBUG 500 --- [web] [scheduling-1] o.s.w.c.HttpMessageConverterExtractor    : Reading to [com.coinflux.web.coin_exchange_rate.client.coin_gecko.dtos.ExchangeRatesResponse]
2025-09-19T19:36:30.378+03:00  INFO 500 --- [web] [scheduling-1] c.c.w.c.CoinExchangeRateService          : Fetching from CoinGecko takes 371.213
2025-09-19T19:36:30.380+03:00  INFO 500 --- [web] [scheduling-1] c.c.w.c.s.CoinExchangeRateScheduler      : Rabbit MQ time 1.488 ms
2025-09-19T19:36:30.384+03:00  INFO 500 --- [web] [scheduling-1] c.c.w.c.CoinExchangeRateService          : Saving in DB & CACHE  0.0209 ms
2025-09-19T19:36:30.385+03:00  INFO 500 --- [web] [scheduling-1] c.c.w.c.s.CoinExchangeRateScheduler      : Scheduled job finished: exchange rates refreshed. Total duration: 378 ms
2025-09-19T19:36:34.599+03:00 DEBUG 500 --- [web] [http-nio-8080-exec-1] o.s.web.servlet.DispatcherServlet        : PATCH "/api/notifications/read/1", parameters={}
2025-09-19T19:36:34.599+03:00 DEBUG 500 --- [web] [http-nio-8080-exec-1] s.w.s.m.m.a.RequestMappingHandlerMapping : Mapped to com.coinflux.web.notification.NotificationController#markOneAsRead(UserDTO, Long)
2025-09-19T19:36:34.605+03:00 DEBUG 500 --- [web] [http-nio-8080-exec-1] .m.m.a.ExceptionHandlerExceptionResolver : Using @ExceptionHandler com.coinflux.web.shared.config.GlobalExceptionHandler#handleGeneralException(Exception)
2025-09-19T19:36:34.605+03:00 DEBUG 500 --- [web] [http-nio-8080-exec-1] o.s.w.s.m.m.a.HttpEntityMethodProcessor  : Using 'application/json', given [*/*] and supported [application/json, application/*+json, application/yaml]
2025-09-19T19:36:34.607+03:00 DEBUG 500 --- [web] [http-nio-8080-exec-1] o.s.w.s.m.m.a.HttpEntityMethodProcessor  : Writing [ErrorObject(errorMsg=No argument for named parameter ':now', errorCode=500, timestamp=2025-09-19T19: (truncated)...]
2025-09-19T19:36:34.608+03:00 DEBUG 500 --- [web] [http-nio-8080-exec-1] .m.m.a.ExceptionHandlerExceptionResolver : Resolved [org.springframework.dao.InvalidDataAccessResourceUsageException: No argument for named parameter ':now']
2025-09-19T19:36:34.609+03:00 DEBUG 500 --- [web] [http-nio-8080-exec-1] o.s.web.servlet.DispatcherServlet        : Completed 500 INTERNAL_SERVER_ERROR
2025-09-19T19:37:00.021+03:00  INFO 500 --- [web] [scheduling-1] c.c.w.c.CoinExchangeRateService          : No keys found to flush from Redis cache
2025-09-19T19:37:00.479+03:00 DEBUG 500 --- [web] [scheduling-1] o.s.w.c.HttpMessageConverterExtractor    : Reading to [com.coinflux.web.coin_exchange_rate.client.coin_gecko.dtos.ExchangeRatesResponse]
2025-09-19T19:37:00.483+03:00  INFO 500 --- [web] [scheduling-1] c.c.w.c.CoinExchangeRateService          : Fetching from CoinGecko takes 461.633
2025-09-19T19:37:00.484+03:00  INFO 500 --- [web] [scheduling-1] c.c.w.c.s.CoinExchangeRateScheduler      : Rabbit MQ time 1.714 ms
2025-09-19T19:37:00.488+03:00  INFO 500 --- [web] [scheduling-1] c.c.w.c.CoinExchangeRateService          : Saving in DB & CACHE  0.0202 ms
2025-09-19T19:37:00.489+03:00  INFO 500 --- [web] [scheduling-1] c.c.w.c.s.CoinExchangeRateScheduler      : Scheduled job finished: exchange rates refreshed. Total duration: 468 ms
2025-09-19T19:37:30.013+03:00  INFO 500 --- [web] [scheduling-1] c.c.w.c.CoinExchangeRateService          : No keys found to flush from Redis cache
2025-09-19T19:37:30.381+03:00 DEBUG 500 --- [web] [scheduling-1] o.s.w.c.HttpMessageConverterExtractor    : Reading to [com.coinflux.web.coin_exchange_rate.client.coin_gecko.dtos.ExchangeRatesResponse]
2025-09-19T19:37:30.382+03:00  INFO 500 --- [web] [scheduling-1] c.c.w.c.CoinExchangeRateService          : Fetching from CoinGecko takes 369.5852
2025-09-19T19:37:30.385+03:00  INFO 500 --- [web] [scheduling-1] c.c.w.c.s.CoinExchangeRateScheduler      : Rabbit MQ time 1.8622 ms
2025-09-19T19:37:30.395+03:00  INFO 500 --- [web] [scheduling-1] c.c.w.c.CoinExchangeRateService          : Saving in DB & CACHE  0.0316 ms
2025-09-19T19:37:30.395+03:00  INFO 500 --- [web] [scheduling-1] c.c.w.c.s.CoinExchangeRateScheduler      : Scheduled job finished: exchange rates refreshed. Total duration: 382 ms
2025-09-19T19:37:52.261+03:00  INFO 500 --- [web] [org.springframework.amqp.rabbit.RabbitListenerEndpointContainer#0-2] o.s.a.r.l.SimpleMessageListenerContainer : Waiting for workers to finish.
2025-09-19T19:37:52.263+03:00  INFO 500 --- [web] [org.springframework.amqp.rabbit.RabbitListenerEndpointContainer#1-2] o.s.a.r.l.SimpleMessageListenerContainer : Waiting for workers to finish.
2025-09-19T19:37:52.266+03:00  INFO 500 --- [web] [org.springframework.amqp.rabbit.RabbitListenerEndpointContainer#2-2] o.s.a.r.l.SimpleMessageListenerContainer : Waiting for workers to finish.
2025-09-19T19:37:52.678+03:00  INFO 500 --- [web] [org.springframework.amqp.rabbit.RabbitListenerEndpointContainer#0-2] o.s.a.r.l.SimpleMessageListenerContainer : Successfully waited for workers to finish.
2025-09-19T19:37:52.974+03:00  INFO 500 --- [web] [org.springframework.amqp.rabbit.RabbitListenerEndpointContainer#2-2] o.s.a.r.l.SimpleMessageListenerContainer : Successfully waited for workers to finish.
2025-09-19T19:37:53.021+03:00  INFO 500 --- [web] [org.springframework.amqp.rabbit.RabbitListenerEndpointContainer#1-2] o.s.a.r.l.SimpleMessageListenerContainer : Successfully waited for workers to finish.
2025-09-19T19:37:53.022+03:00  INFO 500 --- [web] [SpringApplicationShutdownHook] o.s.b.w.e.tomcat.GracefulShutdown        : Commencing graceful shutdown. Waiting for active requests to complete
2025-09-19T19:37:53.028+03:00  INFO 500 --- [web] [tomcat-shutdown] o.s.b.w.e.tomcat.GracefulShutdown        : Graceful shutdown complete
2025-09-19T19:37:53.066+03:00  INFO 500 --- [web] [SpringApplicationShutdownHook] j.LocalContainerEntityManagerFactoryBean : Closing JPA EntityManagerFactory for persistence unit 'default'
2025-09-19T19:37:53.068+03:00  INFO 500 --- [web] [SpringApplicationShutdownHook] com.zaxxer.hikari.HikariDataSource       : HikariPool-1 - Shutdown initiated...
2025-09-19T19:37:53.070+03:00  INFO 500 --- [web] [SpringApplicationShutdownHook] com.zaxxer.hikari.HikariDataSource       : HikariPool-1 - Shutdown completed.
2025-09-19T19:37:56.969+03:00  INFO 42584 --- [web] [main] com.coinflux.web.WebApplication          : Starting WebApplication using Java 21.0.7 with PID 42584 (C:\Users\Abderhman-Gharib\Desktop\adel\Coin-Flux\target\classes started by Abderhman-Gharib in C:\Users\Abderhman-Gharib\Desktop\adel\Coin-Flux)
2025-09-19T19:37:56.971+03:00  INFO 42584 --- [web] [main] com.coinflux.web.WebApplication          : No active profile set, falling back to 1 default profile: "default"
2025-09-19T19:37:58.074+03:00  INFO 42584 --- [web] [main] .s.d.r.c.RepositoryConfigurationDelegate : Multiple Spring Data modules found, entering strict repository configuration mode
2025-09-19T19:37:58.075+03:00  INFO 42584 --- [web] [main] .s.d.r.c.RepositoryConfigurationDelegate : Bootstrapping Spring Data JPA repositories in DEFAULT mode.
2025-09-19T19:37:58.240+03:00  INFO 42584 --- [web] [main] .s.d.r.c.RepositoryConfigurationDelegate : Finished Spring Data repository scanning in 159 ms. Found 5 JPA repository interfaces.
2025-09-19T19:37:58.249+03:00  INFO 42584 --- [web] [main] .s.d.r.c.RepositoryConfigurationDelegate : Multiple Spring Data modules found, entering strict repository configuration mode
2025-09-19T19:37:58.250+03:00  INFO 42584 --- [web] [main] .s.d.r.c.RepositoryConfigurationDelegate : Bootstrapping Spring Data Redis repositories in DEFAULT mode.
2025-09-19T19:37:58.267+03:00  INFO 42584 --- [web] [main] .RepositoryConfigurationExtensionSupport : Spring Data Redis - Could not safely identify store assignment for repository candidate interface com.coinflux.web.coin.CoinRepository; If you want this repository to be a Redis repository, consider annotating your entities with one of these annotations: org.springframework.data.redis.core.RedisHash (preferred), or consider extending one of the following types with your repository: org.springframework.data.keyvalue.repository.KeyValueRepository
2025-09-19T19:37:58.267+03:00  INFO 42584 --- [web] [main] .RepositoryConfigurationExtensionSupport : Spring Data Redis - Could not safely identify store assignment for repository candidate interface com.coinflux.web.coin_exchange_rate.CoinExchangeRateRepository; If you want this repository to be a Redis repository, consider annotating your entities with one of these annotations: org.springframework.data.redis.core.RedisHash (preferred), or consider extending one of the following types with your repository: org.springframework.data.keyvalue.repository.KeyValueRepository
2025-09-19T19:37:58.267+03:00  INFO 42584 --- [web] [main] .RepositoryConfigurationExtensionSupport : Spring Data Redis - Could not safely identify store assignment for repository candidate interface com.coinflux.web.notification.NotificationRepository; If you want this repository to be a Redis repository, consider annotating your entities with one of these annotations: org.springframework.data.redis.core.RedisHash (preferred), or consider extending one of the following types with your repository: org.springframework.data.keyvalue.repository.KeyValueRepository
2025-09-19T19:37:58.267+03:00  INFO 42584 --- [web] [main] .RepositoryConfigurationExtensionSupport : Spring Data Redis - Could not safely identify store assignment for repository candidate interface com.coinflux.web.user.UserRepository; If you want this repository to be a Redis repository, consider annotating your entities with one of these annotations: org.springframework.data.redis.core.RedisHash (preferred), or consider extending one of the following types with your repository: org.springframework.data.keyvalue.repository.KeyValueRepository
2025-09-19T19:37:58.267+03:00  INFO 42584 --- [web] [main] .RepositoryConfigurationExtensionSupport : Spring Data Redis - Could not safely identify store assignment for repository candidate interface com.coinflux.web.user_coin_watchlist.UserCoinWatchlistRepository; If you want this repository to be a Redis repository, consider annotating your entities with one of these annotations: org.springframework.data.redis.core.RedisHash (preferred), or consider extending one of the following types with your repository: org.springframework.data.keyvalue.repository.KeyValueRepository
2025-09-19T19:37:58.269+03:00  INFO 42584 --- [web] [main] .s.d.r.c.RepositoryConfigurationDelegate : Finished Spring Data repository scanning in 11 ms. Found 0 Redis repository interfaces.
2025-09-19T19:37:58.440+03:00  INFO 42584 --- [web] [main] o.s.cloud.context.scope.GenericScope     : BeanFactory id=8fa11565-5a46-3265-b7a6-b878b5b4f1f7
2025-09-19T19:37:58.747+03:00  INFO 42584 --- [web] [main] o.s.b.w.embedded.tomcat.TomcatWebServer  : Tomcat initialized with port 8080 (http)
2025-09-19T19:37:58.755+03:00  INFO 42584 --- [web] [main] o.apache.catalina.core.StandardService   : Starting service [Tomcat]
2025-09-19T19:37:58.755+03:00  INFO 42584 --- [web] [main] o.apache.catalina.core.StandardEngine    : Starting Servlet engine: [Apache Tomcat/10.1.36]
2025-09-19T19:37:58.797+03:00  INFO 42584 --- [web] [main] o.a.c.c.C.[Tomcat].[localhost].[/]       : Initializing Spring embedded WebApplicationContext
2025-09-19T19:37:58.797+03:00  INFO 42584 --- [web] [main] w.s.c.ServletWebServerApplicationContext : Root WebApplicationContext: initialization completed in 1782 ms
2025-09-19T19:37:58.885+03:00  INFO 42584 --- [web] [main] o.hibernate.jpa.internal.util.LogHelper  : HHH000204: Processing PersistenceUnitInfo [name: default]
2025-09-19T19:37:58.919+03:00  INFO 42584 --- [web] [main] org.hibernate.Version                    : HHH000412: Hibernate ORM core version 6.6.8.Final
2025-09-19T19:37:58.940+03:00  INFO 42584 --- [web] [main] o.h.c.internal.RegionFactoryInitiator    : HHH000026: Second-level cache disabled
2025-09-19T19:37:59.106+03:00  INFO 42584 --- [web] [main] o.s.o.j.p.SpringPersistenceUnitInfo      : No LoadTimeWeaver setup: ignoring JPA class transformer
2025-09-19T19:37:59.125+03:00  INFO 42584 --- [web] [main] com.zaxxer.hikari.HikariDataSource       : HikariPool-1 - Starting...
2025-09-19T19:37:59.244+03:00  INFO 42584 --- [web] [main] com.zaxxer.hikari.pool.HikariPool        : HikariPool-1 - Added connection org.postgresql.jdbc.PgConnection@38caad07
2025-09-19T19:37:59.246+03:00  INFO 42584 --- [web] [main] com.zaxxer.hikari.HikariDataSource       : HikariPool-1 - Start completed.
2025-09-19T19:37:59.309+03:00  INFO 42584 --- [web] [main] org.hibernate.orm.connections.pooling    : HHH10001005: Database info:
	Database JDBC URL [Connecting through datasource 'HikariDataSource (HikariPool-1)']
	Database driver: undefined/unknown
	Database version: 16.10
	Autocommit mode: undefined/unknown
	Isolation level: undefined/unknown
	Minimum pool size: undefined/unknown
	Maximum pool size: undefined/unknown
2025-09-19T19:38:00.074+03:00  INFO 42584 --- [web] [main] o.h.e.t.j.p.i.JtaPlatformInitiator       : HHH000489: No JTA platform available (set 'hibernate.transaction.jta.platform' to enable JTA platform integration)
2025-09-19T19:38:00.318+03:00  INFO 42584 --- [web] [main] j.LocalContainerEntityManagerFactoryBean : Initialized JPA EntityManagerFactory for persistence unit 'default'
2025-09-19T19:38:00.495+03:00 DEBUG 42584 --- [web] [main] o.s.b.w.s.ServletContextInitializerBeans : Mapping filters: springSecurityFilterChain urls=[/*] order=-100, characterEncodingFilter urls=[/*] order=-2147483648, formContentFilter urls=[/*] order=-9900, requestContextFilter urls=[/*] order=-105, jwtAuthenticationFilter urls=[/*] order=2147483647
2025-09-19T19:38:00.495+03:00 DEBUG 42584 --- [web] [main] o.s.b.w.s.ServletContextInitializerBeans : Mapping servlets: dispatcherServlet urls=[/]
2025-09-19T19:38:00.590+03:00  INFO 42584 --- [web] [main] eAuthenticationProviderManagerConfigurer : Global AuthenticationManager configured with AuthenticationProvider bean with name authenticationProvider
2025-09-19T19:38:00.591+03:00  WARN 42584 --- [web] [main] r$InitializeUserDetailsManagerConfigurer : Global AuthenticationManager configured with an AuthenticationProvider bean. UserDetailsService beans will not be used by Spring Security for automatically configuring username/password login. Consider removing the AuthenticationProvider bean. Alternatively, consider using the UserDetailsService in a manually instantiated DaoAuthenticationProvider. If the current configuration is intentional, to turn off this warning, increase the logging level of 'org.springframework.security.config.annotation.authentication.configuration.InitializeUserDetailsBeanManagerConfigurer' to ERROR
2025-09-19T19:38:00.747+03:00  WARN 42584 --- [web] [main] JpaBaseConfiguration$JpaWebConfiguration : spring.jpa.open-in-view is enabled by default. Therefore, database queries may be performed during view rendering. Explicitly configure spring.jpa.open-in-view to disable this warning
2025-09-19T19:38:01.114+03:00  INFO 42584 --- [web] [main] o.s.d.j.r.query.QueryEnhancerFactory     : Hibernate is in classpath; If applicable, HQL parser will be used.
2025-09-19T19:38:01.572+03:00 DEBUG 42584 --- [web] [main] s.w.s.m.m.a.RequestMappingHandlerMapping : 24 mappings in 'requestMappingHandlerMapping'
2025-09-19T19:38:01.641+03:00 DEBUG 42584 --- [web] [main] o.s.w.s.handler.SimpleUrlHandlerMapping  : Patterns [/webjars/**, /**, /swagger-ui*/*swagger-initializer.js, /swagger-ui*/**] in 'resourceHandlerMapping'
2025-09-19T19:38:01.722+03:00 DEBUG 42584 --- [web] [main] s.w.s.m.m.a.RequestMappingHandlerAdapter : ControllerAdvice beans: 0 @ModelAttribute, 0 @InitBinder, 1 RequestBodyAdvice, 1 ResponseBodyAdvice
2025-09-19T19:38:01.755+03:00 DEBUG 42584 --- [web] [main] .m.m.a.ExceptionHandlerExceptionResolver : ControllerAdvice beans: 2 @ExceptionHandler, 1 ResponseBodyAdvice
2025-09-19T19:38:02.013+03:00  INFO 42584 --- [web] [main] o.s.b.w.embedded.tomcat.TomcatWebServer  : Tomcat started on port 8080 (http) with context path '/'
2025-09-19T19:38:02.019+03:00  INFO 42584 --- [web] [main] o.s.a.r.c.CachingConnectionFactory       : Attempting to connect to: [localhost:5672]
2025-09-19T19:38:02.051+03:00  INFO 42584 --- [web] [main] o.s.a.r.c.CachingConnectionFactory       : Created new connection: rabbitConnectionFactory#23644367:0/SimpleConnection@6aa2ffd3 [delegate=amqp://coinflux@127.0.0.1:5672/, localPort=57162]
2025-09-19T19:38:02.118+03:00  INFO 42584 --- [web] [main] com.coinflux.web.WebApplication          : Started WebApplication in 5.466 seconds (process running for 6.205)
2025-09-19T19:38:05.948+03:00  INFO 42584 --- [web] [http-nio-8080-exec-2] o.a.c.c.C.[Tomcat].[localhost].[/]       : Initializing Spring DispatcherServlet 'dispatcherServlet'
2025-09-19T19:38:05.948+03:00  INFO 42584 --- [web] [http-nio-8080-exec-2] o.s.web.servlet.DispatcherServlet        : Initializing Servlet 'dispatcherServlet'
2025-09-19T19:38:05.948+03:00 DEBUG 42584 --- [web] [http-nio-8080-exec-2] o.s.web.servlet.DispatcherServlet        : Detected StandardServletMultipartResolver
2025-09-19T19:38:05.948+03:00 DEBUG 42584 --- [web] [http-nio-8080-exec-2] o.s.web.servlet.DispatcherServlet        : Detected AcceptHeaderLocaleResolver
2025-09-19T19:38:05.948+03:00 DEBUG 42584 --- [web] [http-nio-8080-exec-2] o.s.web.servlet.DispatcherServlet        : Detected FixedThemeResolver
2025-09-19T19:38:05.949+03:00 DEBUG 42584 --- [web] [http-nio-8080-exec-2] o.s.web.servlet.DispatcherServlet        : Detected org.springframework.web.servlet.view.DefaultRequestToViewNameTranslator@fe32f34
2025-09-19T19:38:05.950+03:00 DEBUG 42584 --- [web] [http-nio-8080-exec-2] o.s.web.servlet.DispatcherServlet        : Detected org.springframework.web.servlet.support.SessionFlashMapManager@67662433
2025-09-19T19:38:05.950+03:00 DEBUG 42584 --- [web] [http-nio-8080-exec-2] o.s.web.servlet.DispatcherServlet        : enableLoggingRequestDetails='false': request parameters and headers will be masked to prevent unsafe logging of potentially sensitive data
2025-09-19T19:38:05.950+03:00  INFO 42584 --- [web] [http-nio-8080-exec-2] o.s.web.servlet.DispatcherServlet        : Completed initialization in 2 ms
2025-09-19T19:38:06.098+03:00 DEBUG 42584 --- [web] [http-nio-8080-exec-2] o.s.web.servlet.DispatcherServlet        : PATCH "/api/notifications/read/1", parameters={}
2025-09-19T19:38:06.101+03:00 DEBUG 42584 --- [web] [http-nio-8080-exec-2] s.w.s.m.m.a.RequestMappingHandlerMapping : Mapped to com.coinflux.web.notification.NotificationController#markOneAsRead(UserDTO, Long)
2025-09-19T19:38:06.124+03:00 DEBUG 42584 --- [web] [http-nio-8080-exec-2] .m.m.a.ExceptionHandlerExceptionResolver : Using @ExceptionHandler com.coinflux.web.shared.config.GlobalExceptionHandler#handleGeneralException(Exception)
2025-09-19T19:38:06.155+03:00 DEBUG 42584 --- [web] [http-nio-8080-exec-2] o.s.w.s.m.m.a.HttpEntityMethodProcessor  : Using 'application/json', given [*/*] and supported [application/json, application/*+json, application/yaml]
2025-09-19T19:38:06.158+03:00 DEBUG 42584 --- [web] [http-nio-8080-exec-2] o.s.w.s.m.m.a.HttpEntityMethodProcessor  : Writing [ErrorObject(errorMsg=No argument for named parameter ':notificationId', errorCode=500, timestamp=202 (truncated)...]
2025-09-19T19:38:06.167+03:00 DEBUG 42584 --- [web] [http-nio-8080-exec-2] .m.m.a.ExceptionHandlerExceptionResolver : Resolved [org.springframework.dao.InvalidDataAccessResourceUsageException: No argument for named parameter ':notificationId']
2025-09-19T19:38:06.167+03:00 DEBUG 42584 --- [web] [http-nio-8080-exec-2] o.s.web.servlet.DispatcherServlet        : Completed 500 INTERNAL_SERVER_ERROR
2025-09-19T19:38:30.388+03:00  INFO 42584 --- [web] [scheduling-1] c.c.w.c.CoinExchangeRateService          : No keys found to flush from Redis cache
2025-09-19T19:38:31.420+03:00 DEBUG 42584 --- [web] [scheduling-1] o.s.w.c.HttpMessageConverterExtractor    : Reading to [com.coinflux.web.coin_exchange_rate.client.coin_gecko.dtos.ExchangeRatesResponse]
2025-09-19T19:38:31.428+03:00  INFO 42584 --- [web] [scheduling-1] c.c.w.c.CoinExchangeRateService          : Fetching from CoinGecko takes 1039.5625
2025-09-19T19:38:31.453+03:00  INFO 42584 --- [web] [scheduling-1] c.c.w.c.s.CoinExchangeRateScheduler      : Rabbit MQ time 24.6738 ms
2025-09-19T19:38:31.463+03:00  INFO 42584 --- [web] [scheduling-1] c.c.w.c.CoinExchangeRateService          : Saving in DB & CACHE  0.5237 ms
2025-09-19T19:38:31.466+03:00  INFO 42584 --- [web] [scheduling-1] c.c.w.c.s.CoinExchangeRateScheduler      : Scheduled job finished: exchange rates refreshed. Total duration: 1077 ms
2025-09-19T19:39:00.008+03:00  INFO 42584 --- [web] [scheduling-1] c.c.w.c.CoinExchangeRateService          : No keys found to flush from Redis cache
2025-09-19T19:39:00.699+03:00 DEBUG 42584 --- [web] [scheduling-1] o.s.w.c.HttpMessageConverterExtractor    : Reading to [com.coinflux.web.coin_exchange_rate.client.coin_gecko.dtos.ExchangeRatesResponse]
2025-09-19T19:39:00.703+03:00  INFO 42584 --- [web] [scheduling-1] c.c.w.c.CoinExchangeRateService          : Fetching from CoinGecko takes 695.8081
2025-09-19T19:39:00.719+03:00  INFO 42584 --- [web] [scheduling-1] c.c.w.c.s.CoinExchangeRateScheduler      : Rabbit MQ time 15.0427 ms
2025-09-19T19:39:00.724+03:00  INFO 42584 --- [web] [scheduling-1] c.c.w.c.CoinExchangeRateService          : Saving in DB & CACHE  0.0341 ms
2025-09-19T19:39:00.725+03:00  INFO 42584 --- [web] [scheduling-1] c.c.w.c.s.CoinExchangeRateScheduler      : Scheduled job finished: exchange rates refreshed. Total duration: 717 ms
2025-09-19T19:39:30.013+03:00  INFO 42584 --- [web] [scheduling-1] c.c.w.c.CoinExchangeRateService          : No keys found to flush from Redis cache
2025-09-19T19:39:30.906+03:00 DEBUG 42584 --- [web] [scheduling-1] o.s.w.c.HttpMessageConverterExtractor    : Reading to [com.coinflux.web.coin_exchange_rate.client.coin_gecko.dtos.ExchangeRatesResponse]
2025-09-19T19:39:30.908+03:00  INFO 42584 --- [web] [scheduling-1] c.c.w.c.CoinExchangeRateService          : Fetching from CoinGecko takes 894.8224
2025-09-19T19:39:30.915+03:00  INFO 42584 --- [web] [scheduling-1] c.c.w.c.s.CoinExchangeRateScheduler      : Rabbit MQ time 6.0773 ms
2025-09-19T19:39:30.920+03:00  INFO 42584 --- [web] [scheduling-1] c.c.w.c.CoinExchangeRateService          : Saving in DB & CACHE  0.0396 ms
2025-09-19T19:39:30.921+03:00  INFO 42584 --- [web] [scheduling-1] c.c.w.c.s.CoinExchangeRateScheduler      : Scheduled job finished: exchange rates refreshed. Total duration: 907 ms
2025-09-19T19:40:00.008+03:00  INFO 42584 --- [web] [scheduling-1] c.c.w.c.CoinExchangeRateService          : No keys found to flush from Redis cache
2025-09-19T19:40:00.191+03:00 DEBUG 42584 --- [web] [scheduling-1] o.s.w.c.HttpMessageConverterExtractor    : Reading to [com.coinflux.web.coin_exchange_rate.client.coin_gecko.dtos.ExchangeRatesResponse]
2025-09-19T19:40:00.192+03:00  INFO 42584 --- [web] [scheduling-1] c.c.w.c.CoinExchangeRateService          : Fetching from CoinGecko takes 184.1492
2025-09-19T19:40:00.201+03:00  INFO 42584 --- [web] [scheduling-1] c.c.w.c.s.CoinExchangeRateScheduler      : Rabbit MQ time 8.5793 ms
2025-09-19T19:40:00.205+03:00  INFO 42584 --- [web] [scheduling-1] c.c.w.c.CoinExchangeRateService          : Saving in DB & CACHE  0.0485 ms
2025-09-19T19:40:00.206+03:00  INFO 42584 --- [web] [scheduling-1] c.c.w.c.s.CoinExchangeRateScheduler      : Scheduled job finished: exchange rates refreshed. Total duration: 197 ms
2025-09-19T19:40:27.462+03:00  INFO 42584 --- [web] [org.springframework.amqp.rabbit.RabbitListenerEndpointContainer#0-2] o.s.a.r.l.SimpleMessageListenerContainer : Waiting for workers to finish.
2025-09-19T19:40:27.466+03:00  INFO 42584 --- [web] [org.springframework.amqp.rabbit.RabbitListenerEndpointContainer#1-2] o.s.a.r.l.SimpleMessageListenerContainer : Waiting for workers to finish.
2025-09-19T19:40:27.467+03:00  INFO 42584 --- [web] [org.springframework.amqp.rabbit.RabbitListenerEndpointContainer#2-2] o.s.a.r.l.SimpleMessageListenerContainer : Waiting for workers to finish.
2025-09-19T19:40:27.575+03:00  INFO 42584 --- [web] [org.springframework.amqp.rabbit.RabbitListenerEndpointContainer#0-2] o.s.a.r.l.SimpleMessageListenerContainer : Successfully waited for workers to finish.
2025-09-19T19:40:28.431+03:00  INFO 42584 --- [web] [org.springframework.amqp.rabbit.RabbitListenerEndpointContainer#1-2] o.s.a.r.l.SimpleMessageListenerContainer : Successfully waited for workers to finish.
2025-09-19T19:40:28.461+03:00  INFO 42584 --- [web] [org.springframework.amqp.rabbit.RabbitListenerEndpointContainer#2-2] o.s.a.r.l.SimpleMessageListenerContainer : Successfully waited for workers to finish.
2025-09-19T19:40:28.463+03:00  INFO 42584 --- [web] [SpringApplicationShutdownHook] o.s.b.w.e.tomcat.GracefulShutdown        : Commencing graceful shutdown. Waiting for active requests to complete
2025-09-19T19:40:28.472+03:00  INFO 42584 --- [web] [tomcat-shutdown] o.s.b.w.e.tomcat.GracefulShutdown        : Graceful shutdown complete
2025-09-19T19:40:28.511+03:00  INFO 42584 --- [web] [SpringApplicationShutdownHook] j.LocalContainerEntityManagerFactoryBean : Closing JPA EntityManagerFactory for persistence unit 'default'
2025-09-19T19:40:28.512+03:00  INFO 42584 --- [web] [SpringApplicationShutdownHook] com.zaxxer.hikari.HikariDataSource       : HikariPool-1 - Shutdown initiated...
2025-09-19T19:40:28.515+03:00  INFO 42584 --- [web] [SpringApplicationShutdownHook] com.zaxxer.hikari.HikariDataSource       : HikariPool-1 - Shutdown completed.
2025-09-19T19:40:31.948+03:00  INFO 4052 --- [web] [main] com.coinflux.web.WebApplication          : Starting WebApplication using Java 21.0.7 with PID 4052 (C:\Users\Abderhman-Gharib\Desktop\adel\Coin-Flux\target\classes started by Abderhman-Gharib in C:\Users\Abderhman-Gharib\Desktop\adel\Coin-Flux)
2025-09-19T19:40:31.949+03:00  INFO 4052 --- [web] [main] com.coinflux.web.WebApplication          : No active profile set, falling back to 1 default profile: "default"
2025-09-19T19:40:32.924+03:00  INFO 4052 --- [web] [main] .s.d.r.c.RepositoryConfigurationDelegate : Multiple Spring Data modules found, entering strict repository configuration mode
2025-09-19T19:40:32.926+03:00  INFO 4052 --- [web] [main] .s.d.r.c.RepositoryConfigurationDelegate : Bootstrapping Spring Data JPA repositories in DEFAULT mode.
2025-09-19T19:40:33.086+03:00  INFO 4052 --- [web] [main] .s.d.r.c.RepositoryConfigurationDelegate : Finished Spring Data repository scanning in 155 ms. Found 5 JPA repository interfaces.
2025-09-19T19:40:33.098+03:00  INFO 4052 --- [web] [main] .s.d.r.c.RepositoryConfigurationDelegate : Multiple Spring Data modules found, entering strict repository configuration mode
2025-09-19T19:40:33.099+03:00  INFO 4052 --- [web] [main] .s.d.r.c.RepositoryConfigurationDelegate : Bootstrapping Spring Data Redis repositories in DEFAULT mode.
2025-09-19T19:40:33.115+03:00  INFO 4052 --- [web] [main] .RepositoryConfigurationExtensionSupport : Spring Data Redis - Could not safely identify store assignment for repository candidate interface com.coinflux.web.coin.CoinRepository; If you want this repository to be a Redis repository, consider annotating your entities with one of these annotations: org.springframework.data.redis.core.RedisHash (preferred), or consider extending one of the following types with your repository: org.springframework.data.keyvalue.repository.KeyValueRepository
2025-09-19T19:40:33.116+03:00  INFO 4052 --- [web] [main] .RepositoryConfigurationExtensionSupport : Spring Data Redis - Could not safely identify store assignment for repository candidate interface com.coinflux.web.coin_exchange_rate.CoinExchangeRateRepository; If you want this repository to be a Redis repository, consider annotating your entities with one of these annotations: org.springframework.data.redis.core.RedisHash (preferred), or consider extending one of the following types with your repository: org.springframework.data.keyvalue.repository.KeyValueRepository
2025-09-19T19:40:33.116+03:00  INFO 4052 --- [web] [main] .RepositoryConfigurationExtensionSupport : Spring Data Redis - Could not safely identify store assignment for repository candidate interface com.coinflux.web.notification.NotificationRepository; If you want this repository to be a Redis repository, consider annotating your entities with one of these annotations: org.springframework.data.redis.core.RedisHash (preferred), or consider extending one of the following types with your repository: org.springframework.data.keyvalue.repository.KeyValueRepository
2025-09-19T19:40:33.116+03:00  INFO 4052 --- [web] [main] .RepositoryConfigurationExtensionSupport : Spring Data Redis - Could not safely identify store assignment for repository candidate interface com.coinflux.web.user.UserRepository; If you want this repository to be a Redis repository, consider annotating your entities with one of these annotations: org.springframework.data.redis.core.RedisHash (preferred), or consider extending one of the following types with your repository: org.springframework.data.keyvalue.repository.KeyValueRepository
2025-09-19T19:40:33.118+03:00  INFO 4052 --- [web] [main] .RepositoryConfigurationExtensionSupport : Spring Data Redis - Could not safely identify store assignment for repository candidate interface com.coinflux.web.user_coin_watchlist.UserCoinWatchlistRepository; If you want this repository to be a Redis repository, consider annotating your entities with one of these annotations: org.springframework.data.redis.core.RedisHash (preferred), or consider extending one of the following types with your repository: org.springframework.data.keyvalue.repository.KeyValueRepository
2025-09-19T19:40:33.118+03:00  INFO 4052 --- [web] [main] .s.d.r.c.RepositoryConfigurationDelegate : Finished Spring Data repository scanning in 12 ms. Found 0 Redis repository interfaces.
2025-09-19T19:40:33.329+03:00  INFO 4052 --- [web] [main] o.s.cloud.context.scope.GenericScope     : BeanFactory id=8fa11565-5a46-3265-b7a6-b878b5b4f1f7
2025-09-19T19:40:33.650+03:00  INFO 4052 --- [web] [main] o.s.b.w.embedded.tomcat.TomcatWebServer  : Tomcat initialized with port 8080 (http)
2025-09-19T19:40:33.659+03:00  INFO 4052 --- [web] [main] o.apache.catalina.core.StandardService   : Starting service [Tomcat]
2025-09-19T19:40:33.659+03:00  INFO 4052 --- [web] [main] o.apache.catalina.core.StandardEngine    : Starting Servlet engine: [Apache Tomcat/10.1.36]
2025-09-19T19:40:33.702+03:00  INFO 4052 --- [web] [main] o.a.c.c.C.[Tomcat].[localhost].[/]       : Initializing Spring embedded WebApplicationContext
2025-09-19T19:40:33.703+03:00  INFO 4052 --- [web] [main] w.s.c.ServletWebServerApplicationContext : Root WebApplicationContext: initialization completed in 1724 ms
2025-09-19T19:40:33.801+03:00  INFO 4052 --- [web] [main] o.hibernate.jpa.internal.util.LogHelper  : HHH000204: Processing PersistenceUnitInfo [name: default]
2025-09-19T19:40:33.829+03:00  INFO 4052 --- [web] [main] org.hibernate.Version                    : HHH000412: Hibernate ORM core version 6.6.8.Final
2025-09-19T19:40:33.849+03:00  INFO 4052 --- [web] [main] o.h.c.internal.RegionFactoryInitiator    : HHH000026: Second-level cache disabled
2025-09-19T19:40:34.009+03:00  INFO 4052 --- [web] [main] o.s.o.j.p.SpringPersistenceUnitInfo      : No LoadTimeWeaver setup: ignoring JPA class transformer
2025-09-19T19:40:34.029+03:00  INFO 4052 --- [web] [main] com.zaxxer.hikari.HikariDataSource       : HikariPool-1 - Starting...
2025-09-19T19:40:34.123+03:00  INFO 4052 --- [web] [main] com.zaxxer.hikari.pool.HikariPool        : HikariPool-1 - Added connection org.postgresql.jdbc.PgConnection@5cc075da
2025-09-19T19:40:34.124+03:00  INFO 4052 --- [web] [main] com.zaxxer.hikari.HikariDataSource       : HikariPool-1 - Start completed.
2025-09-19T19:40:34.169+03:00  INFO 4052 --- [web] [main] org.hibernate.orm.connections.pooling    : HHH10001005: Database info:
	Database JDBC URL [Connecting through datasource 'HikariDataSource (HikariPool-1)']
	Database driver: undefined/unknown
	Database version: 16.10
	Autocommit mode: undefined/unknown
	Isolation level: undefined/unknown
	Minimum pool size: undefined/unknown
	Maximum pool size: undefined/unknown
2025-09-19T19:40:34.850+03:00  INFO 4052 --- [web] [main] o.h.e.t.j.p.i.JtaPlatformInitiator       : HHH000489: No JTA platform available (set 'hibernate.transaction.jta.platform' to enable JTA platform integration)
2025-09-19T19:40:35.098+03:00  INFO 4052 --- [web] [main] j.LocalContainerEntityManagerFactoryBean : Initialized JPA EntityManagerFactory for persistence unit 'default'
2025-09-19T19:40:35.270+03:00 DEBUG 4052 --- [web] [main] o.s.b.w.s.ServletContextInitializerBeans : Mapping filters: springSecurityFilterChain urls=[/*] order=-100, characterEncodingFilter urls=[/*] order=-2147483648, formContentFilter urls=[/*] order=-9900, requestContextFilter urls=[/*] order=-105, jwtAuthenticationFilter urls=[/*] order=2147483647
2025-09-19T19:40:35.270+03:00 DEBUG 4052 --- [web] [main] o.s.b.w.s.ServletContextInitializerBeans : Mapping servlets: dispatcherServlet urls=[/]
2025-09-19T19:40:35.377+03:00  INFO 4052 --- [web] [main] eAuthenticationProviderManagerConfigurer : Global AuthenticationManager configured with AuthenticationProvider bean with name authenticationProvider
2025-09-19T19:40:35.377+03:00  WARN 4052 --- [web] [main] r$InitializeUserDetailsManagerConfigurer : Global AuthenticationManager configured with an AuthenticationProvider bean. UserDetailsService beans will not be used by Spring Security for automatically configuring username/password login. Consider removing the AuthenticationProvider bean. Alternatively, consider using the UserDetailsService in a manually instantiated DaoAuthenticationProvider. If the current configuration is intentional, to turn off this warning, increase the logging level of 'org.springframework.security.config.annotation.authentication.configuration.InitializeUserDetailsBeanManagerConfigurer' to ERROR
2025-09-19T19:40:35.507+03:00  WARN 4052 --- [web] [main] JpaBaseConfiguration$JpaWebConfiguration : spring.jpa.open-in-view is enabled by default. Therefore, database queries may be performed during view rendering. Explicitly configure spring.jpa.open-in-view to disable this warning
2025-09-19T19:40:35.900+03:00  INFO 4052 --- [web] [main] o.s.d.j.r.query.QueryEnhancerFactory     : Hibernate is in classpath; If applicable, HQL parser will be used.
2025-09-19T19:40:36.372+03:00 DEBUG 4052 --- [web] [main] s.w.s.m.m.a.RequestMappingHandlerMapping : 24 mappings in 'requestMappingHandlerMapping'
2025-09-19T19:40:36.440+03:00 DEBUG 4052 --- [web] [main] o.s.w.s.handler.SimpleUrlHandlerMapping  : Patterns [/webjars/**, /**, /swagger-ui*/*swagger-initializer.js, /swagger-ui*/**] in 'resourceHandlerMapping'
2025-09-19T19:40:36.517+03:00 DEBUG 4052 --- [web] [main] s.w.s.m.m.a.RequestMappingHandlerAdapter : ControllerAdvice beans: 0 @ModelAttribute, 0 @InitBinder, 1 RequestBodyAdvice, 1 ResponseBodyAdvice
2025-09-19T19:40:36.547+03:00 DEBUG 4052 --- [web] [main] .m.m.a.ExceptionHandlerExceptionResolver : ControllerAdvice beans: 2 @ExceptionHandler, 1 ResponseBodyAdvice
2025-09-19T19:40:36.808+03:00  INFO 4052 --- [web] [main] o.s.b.w.embedded.tomcat.TomcatWebServer  : Tomcat started on port 8080 (http) with context path '/'
2025-09-19T19:40:36.814+03:00  INFO 4052 --- [web] [main] o.s.a.r.c.CachingConnectionFactory       : Attempting to connect to: [localhost:5672]
2025-09-19T19:40:36.847+03:00  INFO 4052 --- [web] [main] o.s.a.r.c.CachingConnectionFactory       : Created new connection: rabbitConnectionFactory#4cb37177:0/SimpleConnection@7eba3b90 [delegate=amqp://coinflux@127.0.0.1:5672/, localPort=57272]
2025-09-19T19:40:36.922+03:00  INFO 4052 --- [web] [main] com.coinflux.web.WebApplication          : Started WebApplication in 5.264 seconds (process running for 5.952)
2025-09-19T19:40:40.539+03:00  INFO 4052 --- [web] [http-nio-8080-exec-1] o.a.c.c.C.[Tomcat].[localhost].[/]       : Initializing Spring DispatcherServlet 'dispatcherServlet'
2025-09-19T19:40:40.539+03:00  INFO 4052 --- [web] [http-nio-8080-exec-1] o.s.web.servlet.DispatcherServlet        : Initializing Servlet 'dispatcherServlet'
2025-09-19T19:40:40.539+03:00 DEBUG 4052 --- [web] [http-nio-8080-exec-1] o.s.web.servlet.DispatcherServlet        : Detected StandardServletMultipartResolver
2025-09-19T19:40:40.539+03:00 DEBUG 4052 --- [web] [http-nio-8080-exec-1] o.s.web.servlet.DispatcherServlet        : Detected AcceptHeaderLocaleResolver
2025-09-19T19:40:40.539+03:00 DEBUG 4052 --- [web] [http-nio-8080-exec-1] o.s.web.servlet.DispatcherServlet        : Detected FixedThemeResolver
2025-09-19T19:40:40.540+03:00 DEBUG 4052 --- [web] [http-nio-8080-exec-1] o.s.web.servlet.DispatcherServlet        : Detected org.springframework.web.servlet.view.DefaultRequestToViewNameTranslator@78ec5e18
2025-09-19T19:40:40.540+03:00 DEBUG 4052 --- [web] [http-nio-8080-exec-1] o.s.web.servlet.DispatcherServlet        : Detected org.springframework.web.servlet.support.SessionFlashMapManager@5ecc8114
2025-09-19T19:40:40.540+03:00 DEBUG 4052 --- [web] [http-nio-8080-exec-1] o.s.web.servlet.DispatcherServlet        : enableLoggingRequestDetails='false': request parameters and headers will be masked to prevent unsafe logging of potentially sensitive data
2025-09-19T19:40:40.540+03:00  INFO 4052 --- [web] [http-nio-8080-exec-1] o.s.web.servlet.DispatcherServlet        : Completed initialization in 1 ms
2025-09-19T19:40:40.689+03:00 DEBUG 4052 --- [web] [http-nio-8080-exec-1] o.s.web.servlet.DispatcherServlet        : PATCH "/api/notifications/read/1", parameters={}
2025-09-19T19:40:40.692+03:00 DEBUG 4052 --- [web] [http-nio-8080-exec-1] s.w.s.m.m.a.RequestMappingHandlerMapping : Mapped to com.coinflux.web.notification.NotificationController#markOneAsRead(UserDTO, Long)
2025-09-19T19:40:40.746+03:00 DEBUG 4052 --- [web] [http-nio-8080-exec-1] o.s.w.s.m.m.a.HttpEntityMethodProcessor  : Using 'application/octet-stream', given [*/*] and supported [*/*]
2025-09-19T19:40:40.747+03:00 DEBUG 4052 --- [web] [http-nio-8080-exec-1] o.s.web.servlet.DispatcherServlet        : Completed 204 NO_CONTENT
2025-09-19T19:41:00.885+03:00  INFO 4052 --- [web] [scheduling-1] c.c.w.c.CoinExchangeRateService          : No keys found to flush from Redis cache
2025-09-19T19:41:01.900+03:00 DEBUG 4052 --- [web] [scheduling-1] o.s.w.c.HttpMessageConverterExtractor    : Reading to [com.coinflux.web.coin_exchange_rate.client.coin_gecko.dtos.ExchangeRatesResponse]
2025-09-19T19:41:01.917+03:00  INFO 4052 --- [web] [scheduling-1] c.c.w.c.CoinExchangeRateService          : Fetching from CoinGecko takes 1031.791
2025-09-19T19:41:01.973+03:00  INFO 4052 --- [web] [scheduling-1] c.c.w.c.s.CoinExchangeRateScheduler      : Rabbit MQ time 55.4058 ms
2025-09-19T19:41:01.988+03:00  INFO 4052 --- [web] [scheduling-1] c.c.w.c.CoinExchangeRateService          : Saving in DB & CACHE  0.8801 ms
2025-09-19T19:41:01.990+03:00  INFO 4052 --- [web] [scheduling-1] c.c.w.c.s.CoinExchangeRateScheduler      : Scheduled job finished: exchange rates refreshed. Total duration: 1105 ms
2025-09-19T19:41:30.011+03:00  INFO 4052 --- [web] [scheduling-1] c.c.w.c.CoinExchangeRateService          : No keys found to flush from Redis cache
2025-09-19T19:41:30.712+03:00 DEBUG 4052 --- [web] [scheduling-1] o.s.w.c.HttpMessageConverterExtractor    : Reading to [com.coinflux.web.coin_exchange_rate.client.coin_gecko.dtos.ExchangeRatesResponse]
2025-09-19T19:41:30.727+03:00  INFO 4052 --- [web] [scheduling-1] c.c.w.c.CoinExchangeRateService          : Fetching from CoinGecko takes 714.3857
2025-09-19T19:41:30.743+03:00  INFO 4052 --- [web] [scheduling-1] c.c.w.c.s.CoinExchangeRateScheduler      : Rabbit MQ time 16.0092 ms
2025-09-19T19:41:30.746+03:00  INFO 4052 --- [web] [scheduling-1] c.c.w.c.CoinExchangeRateService          : Saving in DB & CACHE  0.0872 ms
2025-09-19T19:41:30.748+03:00  INFO 4052 --- [web] [scheduling-1] c.c.w.c.s.CoinExchangeRateScheduler      : Scheduled job finished: exchange rates refreshed. Total duration: 736 ms
2025-09-19T19:42:00.005+03:00  INFO 4052 --- [web] [scheduling-1] c.c.w.c.CoinExchangeRateService          : No keys found to flush from Redis cache
2025-09-19T19:42:00.718+03:00 DEBUG 4052 --- [web] [scheduling-1] o.s.w.c.HttpMessageConverterExtractor    : Reading to [com.coinflux.web.coin_exchange_rate.client.coin_gecko.dtos.ExchangeRatesResponse]
2025-09-19T19:42:00.719+03:00  INFO 4052 --- [web] [scheduling-1] c.c.w.c.CoinExchangeRateService          : Fetching from CoinGecko takes 713.9804
2025-09-19T19:42:00.727+03:00  INFO 4052 --- [web] [scheduling-1] c.c.w.c.s.CoinExchangeRateScheduler      : Rabbit MQ time 7.0453 ms
2025-09-19T19:42:00.732+03:00  INFO 4052 --- [web] [scheduling-1] c.c.w.c.CoinExchangeRateService          : Saving in DB & CACHE  0.04 ms
2025-09-19T19:42:00.735+03:00  INFO 4052 --- [web] [scheduling-1] c.c.w.c.s.CoinExchangeRateScheduler      : Scheduled job finished: exchange rates refreshed. Total duration: 729 ms
2025-09-19T19:42:30.013+03:00  INFO 4052 --- [web] [scheduling-1] c.c.w.c.CoinExchangeRateService          : No keys found to flush from Redis cache
2025-09-19T19:42:30.416+03:00 DEBUG 4052 --- [web] [scheduling-1] o.s.w.c.HttpMessageConverterExtractor    : Reading to [com.coinflux.web.coin_exchange_rate.client.coin_gecko.dtos.ExchangeRatesResponse]
2025-09-19T19:42:30.419+03:00  INFO 4052 --- [web] [scheduling-1] c.c.w.c.CoinExchangeRateService          : Fetching from CoinGecko takes 405.4779
2025-09-19T19:42:30.443+03:00  INFO 4052 --- [web] [scheduling-1] c.c.w.c.s.CoinExchangeRateScheduler      : Rabbit MQ time 23.3296 ms
2025-09-19T19:42:30.448+03:00  INFO 4052 --- [web] [scheduling-1] c.c.w.c.CoinExchangeRateService          : Saving in DB & CACHE  0.3064 ms
2025-09-19T19:42:30.450+03:00  INFO 4052 --- [web] [scheduling-1] c.c.w.c.s.CoinExchangeRateScheduler      : Scheduled job finished: exchange rates refreshed. Total duration: 436 ms
2025-09-19T19:43:00.005+03:00  INFO 4052 --- [web] [scheduling-1] c.c.w.c.CoinExchangeRateService          : No keys found to flush from Redis cache
2025-09-19T19:43:00.320+03:00 DEBUG 4052 --- [web] [scheduling-1] o.s.w.c.HttpMessageConverterExtractor    : Reading to [com.coinflux.web.coin_exchange_rate.client.coin_gecko.dtos.ExchangeRatesResponse]
2025-09-19T19:43:00.322+03:00  INFO 4052 --- [web] [scheduling-1] c.c.w.c.CoinExchangeRateService          : Fetching from CoinGecko takes 317.5175
2025-09-19T19:43:00.349+03:00  INFO 4052 --- [web] [scheduling-1] c.c.w.c.s.CoinExchangeRateScheduler      : Rabbit MQ time 25.2392 ms
2025-09-19T19:43:00.353+03:00  INFO 4052 --- [web] [scheduling-1] c.c.w.c.CoinExchangeRateService          : Saving in DB & CACHE  0.0745 ms
2025-09-19T19:43:00.355+03:00  INFO 4052 --- [web] [scheduling-1] c.c.w.c.s.CoinExchangeRateScheduler      : Scheduled job finished: exchange rates refreshed. Total duration: 350 ms
2025-09-19T19:43:23.373+03:00  INFO 4052 --- [web] [org.springframework.amqp.rabbit.RabbitListenerEndpointContainer#0-2] o.s.a.r.l.SimpleMessageListenerContainer : Waiting for workers to finish.
2025-09-19T19:43:23.375+03:00  INFO 4052 --- [web] [org.springframework.amqp.rabbit.RabbitListenerEndpointContainer#1-2] o.s.a.r.l.SimpleMessageListenerContainer : Waiting for workers to finish.
2025-09-19T19:43:23.376+03:00  INFO 4052 --- [web] [org.springframework.amqp.rabbit.RabbitListenerEndpointContainer#2-2] o.s.a.r.l.SimpleMessageListenerContainer : Waiting for workers to finish.
2025-09-19T19:43:23.704+03:00  INFO 4052 --- [web] [org.springframework.amqp.rabbit.RabbitListenerEndpointContainer#0-2] o.s.a.r.l.SimpleMessageListenerContainer : Successfully waited for workers to finish.
2025-09-19T19:43:24.292+03:00  INFO 4052 --- [web] [org.springframework.amqp.rabbit.RabbitListenerEndpointContainer#2-2] o.s.a.r.l.SimpleMessageListenerContainer : Successfully waited for workers to finish.
2025-09-19T19:43:24.335+03:00  INFO 4052 --- [web] [org.springframework.amqp.rabbit.RabbitListenerEndpointContainer#1-2] o.s.a.r.l.SimpleMessageListenerContainer : Successfully waited for workers to finish.
2025-09-19T19:43:24.336+03:00  INFO 4052 --- [web] [SpringApplicationShutdownHook] o.s.b.w.e.tomcat.GracefulShutdown        : Commencing graceful shutdown. Waiting for active requests to complete
2025-09-19T19:43:24.356+03:00  INFO 4052 --- [web] [tomcat-shutdown] o.s.b.w.e.tomcat.GracefulShutdown        : Graceful shutdown complete
2025-09-19T19:43:24.407+03:00  INFO 4052 --- [web] [SpringApplicationShutdownHook] j.LocalContainerEntityManagerFactoryBean : Closing JPA EntityManagerFactory for persistence unit 'default'
2025-09-19T19:43:24.408+03:00  INFO 4052 --- [web] [SpringApplicationShutdownHook] com.zaxxer.hikari.HikariDataSource       : HikariPool-1 - Shutdown initiated...
2025-09-19T19:43:24.410+03:00  INFO 4052 --- [web] [SpringApplicationShutdownHook] com.zaxxer.hikari.HikariDataSource       : HikariPool-1 - Shutdown completed.
2025-09-19T19:43:26.744+03:00  INFO 31568 --- [web] [main] com.coinflux.web.WebApplication          : Starting WebApplication using Java 21.0.7 with PID 31568 (C:\Users\Abderhman-Gharib\Desktop\adel\Coin-Flux\target\classes started by Abderhman-Gharib in C:\Users\Abderhman-Gharib\Desktop\adel\Coin-Flux)
2025-09-19T19:43:26.746+03:00  INFO 31568 --- [web] [main] com.coinflux.web.WebApplication          : No active profile set, falling back to 1 default profile: "default"
2025-09-19T19:43:27.860+03:00  INFO 31568 --- [web] [main] .s.d.r.c.RepositoryConfigurationDelegate : Multiple Spring Data modules found, entering strict repository configuration mode
2025-09-19T19:43:27.861+03:00  INFO 31568 --- [web] [main] .s.d.r.c.RepositoryConfigurationDelegate : Bootstrapping Spring Data JPA repositories in DEFAULT mode.
2025-09-19T19:43:28.024+03:00  INFO 31568 --- [web] [main] .s.d.r.c.RepositoryConfigurationDelegate : Finished Spring Data repository scanning in 157 ms. Found 5 JPA repository interfaces.
2025-09-19T19:43:28.037+03:00  INFO 31568 --- [web] [main] .s.d.r.c.RepositoryConfigurationDelegate : Multiple Spring Data modules found, entering strict repository configuration mode
2025-09-19T19:43:28.039+03:00  INFO 31568 --- [web] [main] .s.d.r.c.RepositoryConfigurationDelegate : Bootstrapping Spring Data Redis repositories in DEFAULT mode.
2025-09-19T19:43:28.055+03:00  INFO 31568 --- [web] [main] .RepositoryConfigurationExtensionSupport : Spring Data Redis - Could not safely identify store assignment for repository candidate interface com.coinflux.web.coin.CoinRepository; If you want this repository to be a Redis repository, consider annotating your entities with one of these annotations: org.springframework.data.redis.core.RedisHash (preferred), or consider extending one of the following types with your repository: org.springframework.data.keyvalue.repository.KeyValueRepository
2025-09-19T19:43:28.056+03:00  INFO 31568 --- [web] [main] .RepositoryConfigurationExtensionSupport : Spring Data Redis - Could not safely identify store assignment for repository candidate interface com.coinflux.web.coin_exchange_rate.CoinExchangeRateRepository; If you want this repository to be a Redis repository, consider annotating your entities with one of these annotations: org.springframework.data.redis.core.RedisHash (preferred), or consider extending one of the following types with your repository: org.springframework.data.keyvalue.repository.KeyValueRepository
2025-09-19T19:43:28.056+03:00  INFO 31568 --- [web] [main] .RepositoryConfigurationExtensionSupport : Spring Data Redis - Could not safely identify store assignment for repository candidate interface com.coinflux.web.notification.NotificationRepository; If you want this repository to be a Redis repository, consider annotating your entities with one of these annotations: org.springframework.data.redis.core.RedisHash (preferred), or consider extending one of the following types with your repository: org.springframework.data.keyvalue.repository.KeyValueRepository
2025-09-19T19:43:28.056+03:00  INFO 31568 --- [web] [main] .RepositoryConfigurationExtensionSupport : Spring Data Redis - Could not safely identify store assignment for repository candidate interface com.coinflux.web.user.UserRepository; If you want this repository to be a Redis repository, consider annotating your entities with one of these annotations: org.springframework.data.redis.core.RedisHash (preferred), or consider extending one of the following types with your repository: org.springframework.data.keyvalue.repository.KeyValueRepository
2025-09-19T19:43:28.057+03:00  INFO 31568 --- [web] [main] .RepositoryConfigurationExtensionSupport : Spring Data Redis - Could not safely identify store assignment for repository candidate interface com.coinflux.web.user_coin_watchlist.UserCoinWatchlistRepository; If you want this repository to be a Redis repository, consider annotating your entities with one of these annotations: org.springframework.data.redis.core.RedisHash (preferred), or consider extending one of the following types with your repository: org.springframework.data.keyvalue.repository.KeyValueRepository
2025-09-19T19:43:28.057+03:00  INFO 31568 --- [web] [main] .s.d.r.c.RepositoryConfigurationDelegate : Finished Spring Data repository scanning in 12 ms. Found 0 Redis repository interfaces.
2025-09-19T19:43:28.250+03:00  INFO 31568 --- [web] [main] o.s.cloud.context.scope.GenericScope     : BeanFactory id=8fa11565-5a46-3265-b7a6-b878b5b4f1f7
2025-09-19T19:43:28.549+03:00  INFO 31568 --- [web] [main] o.s.b.w.embedded.tomcat.TomcatWebServer  : Tomcat initialized with port 8080 (http)
2025-09-19T19:43:28.557+03:00  INFO 31568 --- [web] [main] o.apache.catalina.core.StandardService   : Starting service [Tomcat]
2025-09-19T19:43:28.558+03:00  INFO 31568 --- [web] [main] o.apache.catalina.core.StandardEngine    : Starting Servlet engine: [Apache Tomcat/10.1.36]
2025-09-19T19:43:28.602+03:00  INFO 31568 --- [web] [main] o.a.c.c.C.[Tomcat].[localhost].[/]       : Initializing Spring embedded WebApplicationContext
2025-09-19T19:43:28.602+03:00  INFO 31568 --- [web] [main] w.s.c.ServletWebServerApplicationContext : Root WebApplicationContext: initialization completed in 1825 ms
2025-09-19T19:43:28.706+03:00  INFO 31568 --- [web] [main] o.hibernate.jpa.internal.util.LogHelper  : HHH000204: Processing PersistenceUnitInfo [name: default]
2025-09-19T19:43:28.735+03:00  INFO 31568 --- [web] [main] org.hibernate.Version                    : HHH000412: Hibernate ORM core version 6.6.8.Final
2025-09-19T19:43:28.755+03:00  INFO 31568 --- [web] [main] o.h.c.internal.RegionFactoryInitiator    : HHH000026: Second-level cache disabled
2025-09-19T19:43:28.918+03:00  INFO 31568 --- [web] [main] o.s.o.j.p.SpringPersistenceUnitInfo      : No LoadTimeWeaver setup: ignoring JPA class transformer
2025-09-19T19:43:28.936+03:00  INFO 31568 --- [web] [main] com.zaxxer.hikari.HikariDataSource       : HikariPool-1 - Starting...
2025-09-19T19:43:29.038+03:00  INFO 31568 --- [web] [main] com.zaxxer.hikari.pool.HikariPool        : HikariPool-1 - Added connection org.postgresql.jdbc.PgConnection@684a802a
2025-09-19T19:43:29.039+03:00  INFO 31568 --- [web] [main] com.zaxxer.hikari.HikariDataSource       : HikariPool-1 - Start completed.
2025-09-19T19:43:29.083+03:00  INFO 31568 --- [web] [main] org.hibernate.orm.connections.pooling    : HHH10001005: Database info:
	Database JDBC URL [Connecting through datasource 'HikariDataSource (HikariPool-1)']
	Database driver: undefined/unknown
	Database version: 16.10
	Autocommit mode: undefined/unknown
	Isolation level: undefined/unknown
	Minimum pool size: undefined/unknown
	Maximum pool size: undefined/unknown
2025-09-19T19:43:29.780+03:00  INFO 31568 --- [web] [main] o.h.e.t.j.p.i.JtaPlatformInitiator       : HHH000489: No JTA platform available (set 'hibernate.transaction.jta.platform' to enable JTA platform integration)
2025-09-19T19:43:29.910+03:00  INFO 31568 --- [web] [main] j.LocalContainerEntityManagerFactoryBean : Initialized JPA EntityManagerFactory for persistence unit 'default'
2025-09-19T19:43:30.102+03:00 DEBUG 31568 --- [web] [main] o.s.b.w.s.ServletContextInitializerBeans : Mapping filters: springSecurityFilterChain urls=[/*] order=-100, characterEncodingFilter urls=[/*] order=-2147483648, formContentFilter urls=[/*] order=-9900, requestContextFilter urls=[/*] order=-105, jwtAuthenticationFilter urls=[/*] order=2147483647
2025-09-19T19:43:30.102+03:00 DEBUG 31568 --- [web] [main] o.s.b.w.s.ServletContextInitializerBeans : Mapping servlets: dispatcherServlet urls=[/]
2025-09-19T19:43:30.189+03:00  INFO 31568 --- [web] [main] eAuthenticationProviderManagerConfigurer : Global AuthenticationManager configured with AuthenticationProvider bean with name authenticationProvider
2025-09-19T19:43:30.189+03:00  WARN 31568 --- [web] [main] r$InitializeUserDetailsManagerConfigurer : Global AuthenticationManager configured with an AuthenticationProvider bean. UserDetailsService beans will not be used by Spring Security for automatically configuring username/password login. Consider removing the AuthenticationProvider bean. Alternatively, consider using the UserDetailsService in a manually instantiated DaoAuthenticationProvider. If the current configuration is intentional, to turn off this warning, increase the logging level of 'org.springframework.security.config.annotation.authentication.configuration.InitializeUserDetailsBeanManagerConfigurer' to ERROR
2025-09-19T19:43:30.332+03:00  WARN 31568 --- [web] [main] JpaBaseConfiguration$JpaWebConfiguration : spring.jpa.open-in-view is enabled by default. Therefore, database queries may be performed during view rendering. Explicitly configure spring.jpa.open-in-view to disable this warning
2025-09-19T19:43:30.720+03:00  INFO 31568 --- [web] [main] o.s.d.j.r.query.QueryEnhancerFactory     : Hibernate is in classpath; If applicable, HQL parser will be used.
2025-09-19T19:43:31.184+03:00 DEBUG 31568 --- [web] [main] s.w.s.m.m.a.RequestMappingHandlerMapping : 24 mappings in 'requestMappingHandlerMapping'
2025-09-19T19:43:31.246+03:00 DEBUG 31568 --- [web] [main] o.s.w.s.handler.SimpleUrlHandlerMapping  : Patterns [/webjars/**, /**, /swagger-ui*/*swagger-initializer.js, /swagger-ui*/**] in 'resourceHandlerMapping'
2025-09-19T19:43:31.335+03:00 DEBUG 31568 --- [web] [main] s.w.s.m.m.a.RequestMappingHandlerAdapter : ControllerAdvice beans: 0 @ModelAttribute, 0 @InitBinder, 1 RequestBodyAdvice, 1 ResponseBodyAdvice
2025-09-19T19:43:31.366+03:00 DEBUG 31568 --- [web] [main] .m.m.a.ExceptionHandlerExceptionResolver : ControllerAdvice beans: 2 @ExceptionHandler, 1 ResponseBodyAdvice
2025-09-19T19:43:31.626+03:00  INFO 31568 --- [web] [main] o.s.b.w.embedded.tomcat.TomcatWebServer  : Tomcat started on port 8080 (http) with context path '/'
2025-09-19T19:43:31.631+03:00  INFO 31568 --- [web] [main] o.s.a.r.c.CachingConnectionFactory       : Attempting to connect to: [localhost:5672]
2025-09-19T19:43:31.665+03:00  INFO 31568 --- [web] [main] o.s.a.r.c.CachingConnectionFactory       : Created new connection: rabbitConnectionFactory#67398bad:0/SimpleConnection@6ba076ef [delegate=amqp://coinflux@127.0.0.1:5672/, localPort=57461]
2025-09-19T19:43:31.732+03:00  INFO 31568 --- [web] [main] com.coinflux.web.WebApplication          : Started WebApplication in 5.296 seconds (process running for 6.099)
2025-09-19T19:44:00.344+03:00  INFO 31568 --- [web] [scheduling-1] c.c.w.c.CoinExchangeRateService          : No keys found to flush from Redis cache
2025-09-19T19:44:01.184+03:00 DEBUG 31568 --- [web] [scheduling-1] o.s.w.c.HttpMessageConverterExtractor    : Reading to [com.coinflux.web.coin_exchange_rate.client.coin_gecko.dtos.ExchangeRatesResponse]
2025-09-19T19:44:01.197+03:00  INFO 31568 --- [web] [scheduling-1] c.c.w.c.CoinExchangeRateService          : Fetching from CoinGecko takes 853.6027
2025-09-19T19:44:01.228+03:00  INFO 31568 --- [web] [scheduling-1] c.c.w.c.s.CoinExchangeRateScheduler      : Rabbit MQ time 30.2841 ms
2025-09-19T19:44:01.289+03:00  INFO 31568 --- [web] [scheduling-1] c.c.w.c.CoinExchangeRateService          : Saving in DB & CACHE  0.2792 ms
2025-09-19T19:44:01.292+03:00  INFO 31568 --- [web] [scheduling-1] c.c.w.c.s.CoinExchangeRateScheduler      : Scheduled job finished: exchange rates refreshed. Total duration: 948 ms
2025-09-19T19:44:30.017+03:00  INFO 31568 --- [web] [scheduling-1] c.c.w.c.CoinExchangeRateService          : No keys found to flush from Redis cache
2025-09-19T19:44:30.737+03:00 DEBUG 31568 --- [web] [scheduling-1] o.s.w.c.HttpMessageConverterExtractor    : Reading to [com.coinflux.web.coin_exchange_rate.client.coin_gecko.dtos.ExchangeRatesResponse]
2025-09-19T19:44:30.740+03:00  INFO 31568 --- [web] [scheduling-1] c.c.w.c.CoinExchangeRateService          : Fetching from CoinGecko takes 723.3366
2025-09-19T19:44:30.772+03:00  INFO 31568 --- [web] [scheduling-1] c.c.w.c.s.CoinExchangeRateScheduler      : Rabbit MQ time 31.3413 ms
2025-09-19T19:44:30.776+03:00  INFO 31568 --- [web] [scheduling-1] c.c.w.c.CoinExchangeRateService          : Saving in DB & CACHE  0.0505 ms
2025-09-19T19:44:30.777+03:00  INFO 31568 --- [web] [scheduling-1] c.c.w.c.s.CoinExchangeRateScheduler      : Scheduled job finished: exchange rates refreshed. Total duration: 760 ms
2025-09-19T19:44:47.545+03:00  INFO 31568 --- [web] [http-nio-8080-exec-2] o.a.c.c.C.[Tomcat].[localhost].[/]       : Initializing Spring DispatcherServlet 'dispatcherServlet'
2025-09-19T19:44:47.545+03:00  INFO 31568 --- [web] [http-nio-8080-exec-2] o.s.web.servlet.DispatcherServlet        : Initializing Servlet 'dispatcherServlet'
2025-09-19T19:44:47.546+03:00 DEBUG 31568 --- [web] [http-nio-8080-exec-2] o.s.web.servlet.DispatcherServlet        : Detected StandardServletMultipartResolver
2025-09-19T19:44:47.546+03:00 DEBUG 31568 --- [web] [http-nio-8080-exec-2] o.s.web.servlet.DispatcherServlet        : Detected AcceptHeaderLocaleResolver
2025-09-19T19:44:47.546+03:00 DEBUG 31568 --- [web] [http-nio-8080-exec-2] o.s.web.servlet.DispatcherServlet        : Detected FixedThemeResolver
2025-09-19T19:44:47.547+03:00 DEBUG 31568 --- [web] [http-nio-8080-exec-2] o.s.web.servlet.DispatcherServlet        : Detected org.springframework.web.servlet.view.DefaultRequestToViewNameTranslator@178e125f
2025-09-19T19:44:47.547+03:00 DEBUG 31568 --- [web] [http-nio-8080-exec-2] o.s.web.servlet.DispatcherServlet        : Detected org.springframework.web.servlet.support.SessionFlashMapManager@716d4283
2025-09-19T19:44:47.548+03:00 DEBUG 31568 --- [web] [http-nio-8080-exec-2] o.s.web.servlet.DispatcherServlet        : enableLoggingRequestDetails='false': request parameters and headers will be masked to prevent unsafe logging of potentially sensitive data
2025-09-19T19:44:47.548+03:00  INFO 31568 --- [web] [http-nio-8080-exec-2] o.s.web.servlet.DispatcherServlet        : Completed initialization in 3 ms
2025-09-19T19:44:47.598+03:00 ERROR 31568 --- [web] [http-nio-8080-exec-2] o.a.c.c.C.[.[.[/].[dispatcherServlet]    : Servlet.service() for servlet [dispatcherServlet] in context with path [] threw exception

org.springframework.security.core.userdetails.UsernameNotFoundException: User not found with email: abdo@gmail.com
	at com.coinflux.web.user.UserDetailsServiceImpl.lambda$loadUserByUsername$1(UserDetailsServiceImpl.java:24) ~[classes/:na]
	at java.base/java.util.Optional.orElseThrow(Optional.java:403) ~[na:na]
	at com.coinflux.web.user.UserDetailsServiceImpl.loadUserByUsername(UserDetailsServiceImpl.java:24) ~[classes/:na]
	at com.coinflux.web.jwt.JwtAuthenticationFilter.doFilterInternal(JwtAuthenticationFilter.java:45) ~[classes/:na]
	at org.springframework.web.filter.OncePerRequestFilter.doFilter(OncePerRequestFilter.java:116) ~[spring-web-6.2.3.jar:6.2.3]
	at org.springframework.security.web.FilterChainProxy$VirtualFilterChain.doFilter(FilterChainProxy.java:374) ~[spring-security-web-6.4.3.jar:6.4.3]
	at org.springframework.security.web.authentication.logout.LogoutFilter.doFilter(LogoutFilter.java:107) ~[spring-security-web-6.4.3.jar:6.4.3]
	at org.springframework.security.web.authentication.logout.LogoutFilter.doFilter(LogoutFilter.java:93) ~[spring-security-web-6.4.3.jar:6.4.3]
	at org.springframework.security.web.FilterChainProxy$VirtualFilterChain.doFilter(FilterChainProxy.java:374) ~[spring-security-web-6.4.3.jar:6.4.3]
	at org.springframework.security.web.header.HeaderWriterFilter.doHeadersAfter(HeaderWriterFilter.java:90) ~[spring-security-web-6.4.3.jar:6.4.3]
	at org.springframework.security.web.header.HeaderWriterFilter.doFilterInternal(HeaderWriterFilter.java:75) ~[spring-security-web-6.4.3.jar:6.4.3]
	at org.springframework.web.filter.OncePerRequestFilter.doFilter(OncePerRequestFilter.java:116) ~[spring-web-6.2.3.jar:6.2.3]
	at org.springframework.security.web.FilterChainProxy$VirtualFilterChain.doFilter(FilterChainProxy.java:374) ~[spring-security-web-6.4.3.jar:6.4.3]
	at org.springframework.security.web.context.SecurityContextHolderFilter.doFilter(SecurityContextHolderFilter.java:82) ~[spring-security-web-6.4.3.jar:6.4.3]
	at org.springframework.security.web.context.SecurityContextHolderFilter.doFilter(SecurityContextHolderFilter.java:69) ~[spring-security-web-6.4.3.jar:6.4.3]
	at org.springframework.security.web.FilterChainProxy$VirtualFilterChain.doFilter(FilterChainProxy.java:374) ~[spring-security-web-6.4.3.jar:6.4.3]
	at org.springframework.security.web.context.request.async.WebAsyncManagerIntegrationFilter.doFilterInternal(WebAsyncManagerIntegrationFilter.java:62) ~[spring-security-web-6.4.3.jar:6.4.3]
	at org.springframework.web.filter.OncePerRequestFilter.doFilter(OncePerRequestFilter.java:116) ~[spring-web-6.2.3.jar:6.2.3]
	at org.springframework.security.web.FilterChainProxy$VirtualFilterChain.doFilter(FilterChainProxy.java:374) ~[spring-security-web-6.4.3.jar:6.4.3]
	at org.springframework.security.web.session.DisableEncodeUrlFilter.doFilterInternal(DisableEncodeUrlFilter.java:42) ~[spring-security-web-6.4.3.jar:6.4.3]
	at org.springframework.web.filter.OncePerRequestFilter.doFilter(OncePerRequestFilter.java:116) ~[spring-web-6.2.3.jar:6.2.3]
	at org.springframework.security.web.FilterChainProxy$VirtualFilterChain.doFilter(FilterChainProxy.java:374) ~[spring-security-web-6.4.3.jar:6.4.3]
	at org.springframework.security.web.FilterChainProxy.doFilterInternal(FilterChainProxy.java:233) ~[spring-security-web-6.4.3.jar:6.4.3]
	at org.springframework.security.web.FilterChainProxy.doFilter(FilterChainProxy.java:191) ~[spring-security-web-6.4.3.jar:6.4.3]
	at org.springframework.web.filter.CompositeFilter$VirtualFilterChain.doFilter(CompositeFilter.java:113) ~[spring-web-6.2.3.jar:6.2.3]
	at org.springframework.web.servlet.handler.HandlerMappingIntrospector.lambda$createCacheFilter$3(HandlerMappingIntrospector.java:243) ~[spring-webmvc-6.2.3.jar:6.2.3]
	at org.springframework.web.filter.CompositeFilter$VirtualFilterChain.doFilter(CompositeFilter.java:113) ~[spring-web-6.2.3.jar:6.2.3]
	at org.springframework.web.filter.CompositeFilter.doFilter(CompositeFilter.java:74) ~[spring-web-6.2.3.jar:6.2.3]
	at org.springframework.security.config.annotation.web.configuration.WebMvcSecurityConfiguration$CompositeFilterChainProxy.doFilter(WebMvcSecurityConfiguration.java:238) ~[spring-security-config-6.4.3.jar:6.4.3]
	at org.springframework.web.filter.DelegatingFilterProxy.invokeDelegate(DelegatingFilterProxy.java:362) ~[spring-web-6.2.3.jar:6.2.3]
	at org.springframework.web.filter.DelegatingFilterProxy.doFilter(DelegatingFilterProxy.java:278) ~[spring-web-6.2.3.jar:6.2.3]
	at org.apache.catalina.core.ApplicationFilterChain.internalDoFilter(ApplicationFilterChain.java:164) ~[tomcat-embed-core-10.1.36.jar:10.1.36]
	at org.apache.catalina.core.ApplicationFilterChain.doFilter(ApplicationFilterChain.java:140) ~[tomcat-embed-core-10.1.36.jar:10.1.36]
	at org.springframework.web.filter.RequestContextFilter.doFilterInternal(RequestContextFilter.java:100) ~[spring-web-6.2.3.jar:6.2.3]
	at org.springframework.web.filter.OncePerRequestFilter.doFilter(OncePerRequestFilter.java:116) ~[spring-web-6.2.3.jar:6.2.3]
	at org.apache.catalina.core.ApplicationFilterChain.internalDoFilter(ApplicationFilterChain.java:164) ~[tomcat-embed-core-10.1.36.jar:10.1.36]
	at org.apache.catalina.core.ApplicationFilterChain.doFilter(ApplicationFilterChain.java:140) ~[tomcat-embed-core-10.1.36.jar:10.1.36]
	at org.springframework.web.filter.FormContentFilter.doFilterInternal(FormContentFilter.java:93) ~[spring-web-6.2.3.jar:6.2.3]
	at org.springframework.web.filter.OncePerRequestFilter.doFilter(OncePerRequestFilter.java:116) ~[spring-web-6.2.3.jar:6.2.3]
	at org.apache.catalina.core.ApplicationFilterChain.internalDoFilter(ApplicationFilterChain.java:164) ~[tomcat-embed-core-10.1.36.jar:10.1.36]
	at org.apache.catalina.core.ApplicationFilterChain.doFilter(ApplicationFilterChain.java:140) ~[tomcat-embed-core-10.1.36.jar:10.1.36]
	at org.springframework.web.filter.CharacterEncodingFilter.doFilterInternal(CharacterEncodingFilter.java:201) ~[spring-web-6.2.3.jar:6.2.3]
	at org.springframework.web.filter.OncePerRequestFilter.doFilter(OncePerRequestFilter.java:116) ~[spring-web-6.2.3.jar:6.2.3]
	at org.apache.catalina.core.ApplicationFilterChain.internalDoFilter(ApplicationFilterChain.java:164) ~[tomcat-embed-core-10.1.36.jar:10.1.36]
	at org.apache.catalina.core.ApplicationFilterChain.doFilter(ApplicationFilterChain.java:140) ~[tomcat-embed-core-10.1.36.jar:10.1.36]
	at org.apache.catalina.core.StandardWrapperValve.invoke(StandardWrapperValve.java:167) ~[tomcat-embed-core-10.1.36.jar:10.1.36]
	at org.apache.catalina.core.StandardContextValve.invoke(StandardContextValve.java:90) ~[tomcat-embed-core-10.1.36.jar:10.1.36]
	at org.apache.catalina.authenticator.AuthenticatorBase.invoke(AuthenticatorBase.java:483) ~[tomcat-embed-core-10.1.36.jar:10.1.36]
	at org.apache.catalina.core.StandardHostValve.invoke(StandardHostValve.java:115) ~[tomcat-embed-core-10.1.36.jar:10.1.36]
	at org.apache.catalina.valves.ErrorReportValve.invoke(ErrorReportValve.java:93) ~[tomcat-embed-core-10.1.36.jar:10.1.36]
	at org.apache.catalina.core.StandardEngineValve.invoke(StandardEngineValve.java:74) ~[tomcat-embed-core-10.1.36.jar:10.1.36]
	at org.apache.catalina.connector.CoyoteAdapter.service(CoyoteAdapter.java:344) ~[tomcat-embed-core-10.1.36.jar:10.1.36]
	at org.apache.coyote.http11.Http11Processor.service(Http11Processor.java:397) ~[tomcat-embed-core-10.1.36.jar:10.1.36]
	at org.apache.coyote.AbstractProcessorLight.process(AbstractProcessorLight.java:63) ~[tomcat-embed-core-10.1.36.jar:10.1.36]
	at org.apache.coyote.AbstractProtocol$ConnectionHandler.process(AbstractProtocol.java:905) ~[tomcat-embed-core-10.1.36.jar:10.1.36]
	at org.apache.tomcat.util.net.NioEndpoint$SocketProcessor.doRun(NioEndpoint.java:1743) ~[tomcat-embed-core-10.1.36.jar:10.1.36]
	at org.apache.tomcat.util.net.SocketProcessorBase.run(SocketProcessorBase.java:52) ~[tomcat-embed-core-10.1.36.jar:10.1.36]
	at org.apache.tomcat.util.threads.ThreadPoolExecutor.runWorker(ThreadPoolExecutor.java:1190) ~[tomcat-embed-core-10.1.36.jar:10.1.36]
	at org.apache.tomcat.util.threads.ThreadPoolExecutor$Worker.run(ThreadPoolExecutor.java:659) ~[tomcat-embed-core-10.1.36.jar:10.1.36]
	at org.apache.tomcat.util.threads.TaskThread$WrappingRunnable.run(TaskThread.java:63) ~[tomcat-embed-core-10.1.36.jar:10.1.36]
	at java.base/java.lang.Thread.run(Thread.java:1583) ~[na:na]

2025-09-19T19:44:55.774+03:00 DEBUG 31568 --- [web] [http-nio-8080-exec-3] o.s.web.servlet.DispatcherServlet        : POST "/api/auth/register", parameters={}
2025-09-19T19:44:55.775+03:00 DEBUG 31568 --- [web] [http-nio-8080-exec-3] s.w.s.m.m.a.RequestMappingHandlerMapping : Mapped to com.coinflux.web.auth.AuthController#register(RegisterRequest)
2025-09-19T19:44:55.788+03:00 DEBUG 31568 --- [web] [http-nio-8080-exec-3] m.m.a.RequestResponseBodyMethodProcessor : Read "application/json;charset=UTF-8" to [RegisterRequest(username=abdo, firstName=abdo, lastName=ghareeb, email=abdo@gmail.com, password=Abdo (truncated)...]
2025-09-19T19:44:55.914+03:00 DEBUG 31568 --- [web] [http-nio-8080-exec-3] o.s.w.s.m.m.a.HttpEntityMethodProcessor  : Using 'application/json', given [*/*] and supported [application/json, application/*+json, application/yaml]
2025-09-19T19:44:55.914+03:00 DEBUG 31568 --- [web] [http-nio-8080-exec-3] o.s.w.s.m.m.a.HttpEntityMethodProcessor  : Writing [RegisterResponse(user=UserDTO(id=1, firstName=abdo, lastName=ghareeb, username=abdo, email=abdo@gmai (truncated)...]
2025-09-19T19:44:55.919+03:00 DEBUG 31568 --- [web] [http-nio-8080-exec-3] o.s.web.servlet.DispatcherServlet        : Completed 201 CREATED
2025-09-19T19:45:00.013+03:00  INFO 31568 --- [web] [scheduling-1] c.c.w.c.CoinExchangeRateService          : No keys found to flush from Redis cache
2025-09-19T19:45:00.634+03:00 DEBUG 31568 --- [web] [http-nio-8080-exec-4] o.s.web.servlet.DispatcherServlet        : POST "/api/auth/login", parameters={}
2025-09-19T19:45:00.635+03:00 DEBUG 31568 --- [web] [http-nio-8080-exec-4] s.w.s.m.m.a.RequestMappingHandlerMapping : Mapped to com.coinflux.web.auth.AuthController#login(LoginRequest)
2025-09-19T19:45:00.636+03:00 DEBUG 31568 --- [web] [http-nio-8080-exec-4] m.m.a.RequestResponseBodyMethodProcessor : Read "application/json;charset=UTF-8" to [LoginRequest(email=abdo@gmail.com, password=Abdo.1020)]
2025-09-19T19:45:00.785+03:00 DEBUG 31568 --- [web] [http-nio-8080-exec-4] o.s.w.s.m.m.a.HttpEntityMethodProcessor  : Using 'application/json', given [*/*] and supported [application/json, application/*+json, application/yaml]
2025-09-19T19:45:00.785+03:00 DEBUG 31568 --- [web] [http-nio-8080-exec-4] o.s.w.s.m.m.a.HttpEntityMethodProcessor  : Writing [LoginResponse(user=UserDTO(id=1, firstName=abdo, lastName=ghareeb, username=abdo, email=abdo@gmail.c (truncated)...]
2025-09-19T19:45:00.786+03:00 DEBUG 31568 --- [web] [http-nio-8080-exec-4] o.s.web.servlet.DispatcherServlet        : Completed 200 OK
2025-09-19T19:45:00.841+03:00 DEBUG 31568 --- [web] [scheduling-1] o.s.w.c.HttpMessageConverterExtractor    : Reading to [com.coinflux.web.coin_exchange_rate.client.coin_gecko.dtos.ExchangeRatesResponse]
2025-09-19T19:45:00.845+03:00  INFO 31568 --- [web] [scheduling-1] c.c.w.c.CoinExchangeRateService          : Fetching from CoinGecko takes 830.963
2025-09-19T19:45:00.860+03:00  INFO 31568 --- [web] [scheduling-1] c.c.w.c.s.CoinExchangeRateScheduler      : Rabbit MQ time 15.3446 ms
2025-09-19T19:45:00.864+03:00  INFO 31568 --- [web] [scheduling-1] c.c.w.c.CoinExchangeRateService          : Saving in DB & CACHE  0.0482 ms
2025-09-19T19:45:00.866+03:00  INFO 31568 --- [web] [scheduling-1] c.c.w.c.s.CoinExchangeRateScheduler      : Scheduled job finished: exchange rates refreshed. Total duration: 852 ms
2025-09-19T19:45:21.534+03:00 DEBUG 31568 --- [web] [http-nio-8080-exec-5] o.s.web.servlet.DispatcherServlet        : POST "/api/notifications", parameters={}
2025-09-19T19:45:21.534+03:00 DEBUG 31568 --- [web] [http-nio-8080-exec-5] s.w.s.m.m.a.RequestMappingHandlerMapping : Mapped to com.coinflux.web.notification.NotificationController#create(CreateNotificationRequest)
2025-09-19T19:45:21.541+03:00 DEBUG 31568 --- [web] [http-nio-8080-exec-5] m.m.a.RequestResponseBodyMethodProcessor : Read "application/json;charset=UTF-8" to [CreateNotificationRequest(userId=1, title=aaaAAAlll, message=ssssAA, type=PRICE_ALERT)]
2025-09-19T19:45:21.562+03:00 DEBUG 31568 --- [web] [http-nio-8080-exec-5] m.m.a.RequestResponseBodyMethodProcessor : Using 'application/json', given [*/*] and supported [application/json, application/*+json, application/yaml]
2025-09-19T19:45:21.564+03:00 DEBUG 31568 --- [web] [http-nio-8080-exec-5] m.m.a.RequestResponseBodyMethodProcessor : Writing [CreateNotificationResponse(id=1, userId=1, title=aaaAAAlll, message=ssssAA, type=PRICE_ALERT, isRead (truncated)...]
2025-09-19T19:45:21.564+03:00 DEBUG 31568 --- [web] [http-nio-8080-exec-5] o.s.web.servlet.DispatcherServlet        : Completed 200 OK
2025-09-19T19:45:26.289+03:00 DEBUG 31568 --- [web] [http-nio-8080-exec-6] o.s.web.servlet.DispatcherServlet        : POST "/api/notifications", parameters={}
2025-09-19T19:45:26.289+03:00 DEBUG 31568 --- [web] [http-nio-8080-exec-6] s.w.s.m.m.a.RequestMappingHandlerMapping : Mapped to com.coinflux.web.notification.NotificationController#create(CreateNotificationRequest)
2025-09-19T19:45:26.290+03:00 DEBUG 31568 --- [web] [http-nio-8080-exec-6] m.m.a.RequestResponseBodyMethodProcessor : Read "application/json;charset=UTF-8" to [CreateNotificationRequest(userId=1, title=aaaAAAlll, message=ssssAA, type=PRICE_ALERT)]
2025-09-19T19:45:26.299+03:00 DEBUG 31568 --- [web] [http-nio-8080-exec-6] m.m.a.RequestResponseBodyMethodProcessor : Using 'application/json', given [*/*] and supported [application/json, application/*+json, application/yaml]
2025-09-19T19:45:26.299+03:00 DEBUG 31568 --- [web] [http-nio-8080-exec-6] m.m.a.RequestResponseBodyMethodProcessor : Writing [CreateNotificationResponse(id=2, userId=1, title=aaaAAAlll, message=ssssAA, type=PRICE_ALERT, isRead (truncated)...]
2025-09-19T19:45:26.300+03:00 DEBUG 31568 --- [web] [http-nio-8080-exec-6] o.s.web.servlet.DispatcherServlet        : Completed 200 OK
2025-09-19T19:45:27.849+03:00 DEBUG 31568 --- [web] [http-nio-8080-exec-7] o.s.web.servlet.DispatcherServlet        : POST "/api/notifications", parameters={}
2025-09-19T19:45:27.849+03:00 DEBUG 31568 --- [web] [http-nio-8080-exec-7] s.w.s.m.m.a.RequestMappingHandlerMapping : Mapped to com.coinflux.web.notification.NotificationController#create(CreateNotificationRequest)
2025-09-19T19:45:27.850+03:00 DEBUG 31568 --- [web] [http-nio-8080-exec-7] m.m.a.RequestResponseBodyMethodProcessor : Read "application/json;charset=UTF-8" to [CreateNotificationRequest(userId=1, title=aaaAAAlll, message=ssssAA, type=PRICE_ALERT)]
2025-09-19T19:45:27.860+03:00 DEBUG 31568 --- [web] [http-nio-8080-exec-7] m.m.a.RequestResponseBodyMethodProcessor : Using 'application/json', given [*/*] and supported [application/json, application/*+json, application/yaml]
2025-09-19T19:45:27.861+03:00 DEBUG 31568 --- [web] [http-nio-8080-exec-7] m.m.a.RequestResponseBodyMethodProcessor : Writing [CreateNotificationResponse(id=3, userId=1, title=aaaAAAlll, message=ssssAA, type=PRICE_ALERT, isRead (truncated)...]
2025-09-19T19:45:27.861+03:00 DEBUG 31568 --- [web] [http-nio-8080-exec-7] o.s.web.servlet.DispatcherServlet        : Completed 200 OK
2025-09-19T19:45:29.139+03:00 DEBUG 31568 --- [web] [http-nio-8080-exec-8] o.s.web.servlet.DispatcherServlet        : POST "/api/notifications", parameters={}
2025-09-19T19:45:29.139+03:00 DEBUG 31568 --- [web] [http-nio-8080-exec-8] s.w.s.m.m.a.RequestMappingHandlerMapping : Mapped to com.coinflux.web.notification.NotificationController#create(CreateNotificationRequest)
2025-09-19T19:45:29.139+03:00 DEBUG 31568 --- [web] [http-nio-8080-exec-8] m.m.a.RequestResponseBodyMethodProcessor : Read "application/json;charset=UTF-8" to [CreateNotificationRequest(userId=1, title=aaaAAAlll, message=ssssAA, type=PRICE_ALERT)]
2025-09-19T19:45:29.150+03:00 DEBUG 31568 --- [web] [http-nio-8080-exec-8] m.m.a.RequestResponseBodyMethodProcessor : Using 'application/json', given [*/*] and supported [application/json, application/*+json, application/yaml]
2025-09-19T19:45:29.150+03:00 DEBUG 31568 --- [web] [http-nio-8080-exec-8] m.m.a.RequestResponseBodyMethodProcessor : Writing [CreateNotificationResponse(id=4, userId=1, title=aaaAAAlll, message=ssssAA, type=PRICE_ALERT, isRead (truncated)...]
2025-09-19T19:45:29.151+03:00 DEBUG 31568 --- [web] [http-nio-8080-exec-8] o.s.web.servlet.DispatcherServlet        : Completed 200 OK
2025-09-19T19:45:30.005+03:00  INFO 31568 --- [web] [scheduling-1] c.c.w.c.CoinExchangeRateService          : No keys found to flush from Redis cache
2025-09-19T19:45:30.167+03:00 DEBUG 31568 --- [web] [http-nio-8080-exec-9] o.s.web.servlet.DispatcherServlet        : POST "/api/notifications", parameters={}
2025-09-19T19:45:30.167+03:00 DEBUG 31568 --- [web] [http-nio-8080-exec-9] s.w.s.m.m.a.RequestMappingHandlerMapping : Mapped to com.coinflux.web.notification.NotificationController#create(CreateNotificationRequest)
2025-09-19T19:45:30.168+03:00 DEBUG 31568 --- [web] [http-nio-8080-exec-9] m.m.a.RequestResponseBodyMethodProcessor : Read "application/json;charset=UTF-8" to [CreateNotificationRequest(userId=1, title=aaaAAAlll, message=ssssAA, type=PRICE_ALERT)]
2025-09-19T19:45:30.180+03:00 DEBUG 31568 --- [web] [http-nio-8080-exec-9] m.m.a.RequestResponseBodyMethodProcessor : Using 'application/json', given [*/*] and supported [application/json, application/*+json, application/yaml]
2025-09-19T19:45:30.180+03:00 DEBUG 31568 --- [web] [http-nio-8080-exec-9] m.m.a.RequestResponseBodyMethodProcessor : Writing [CreateNotificationResponse(id=5, userId=1, title=aaaAAAlll, message=ssssAA, type=PRICE_ALERT, isRead (truncated)...]
2025-09-19T19:45:30.181+03:00 DEBUG 31568 --- [web] [http-nio-8080-exec-9] o.s.web.servlet.DispatcherServlet        : Completed 200 OK
2025-09-19T19:45:30.333+03:00 DEBUG 31568 --- [web] [scheduling-1] o.s.w.c.HttpMessageConverterExtractor    : Reading to [com.coinflux.web.coin_exchange_rate.client.coin_gecko.dtos.ExchangeRatesResponse]
2025-09-19T19:45:30.334+03:00  INFO 31568 --- [web] [scheduling-1] c.c.w.c.CoinExchangeRateService          : Fetching from CoinGecko takes 328.4966
2025-09-19T19:45:30.341+03:00  INFO 31568 --- [web] [scheduling-1] c.c.w.c.s.CoinExchangeRateScheduler      : Rabbit MQ time 7.2328 ms
2025-09-19T19:45:30.346+03:00  INFO 31568 --- [web] [scheduling-1] c.c.w.c.CoinExchangeRateService          : Saving in DB & CACHE  0.0897 ms
2025-09-19T19:45:30.348+03:00  INFO 31568 --- [web] [scheduling-1] c.c.w.c.s.CoinExchangeRateScheduler      : Scheduled job finished: exchange rates refreshed. Total duration: 342 ms
2025-09-19T19:45:40.807+03:00 DEBUG 31568 --- [web] [http-nio-8080-exec-10] o.s.web.servlet.DispatcherServlet        : PATCH "/api/notifications/read/1", parameters={}
2025-09-19T19:45:40.807+03:00 DEBUG 31568 --- [web] [http-nio-8080-exec-10] s.w.s.m.m.a.RequestMappingHandlerMapping : Mapped to com.coinflux.web.notification.NotificationController#markOneAsRead(UserDTO, Long)
2025-09-19T19:45:40.832+03:00 DEBUG 31568 --- [web] [http-nio-8080-exec-10] o.s.w.s.m.m.a.HttpEntityMethodProcessor  : Using 'application/octet-stream', given [*/*] and supported [*/*]
2025-09-19T19:45:40.833+03:00 DEBUG 31568 --- [web] [http-nio-8080-exec-10] o.s.web.servlet.DispatcherServlet        : Completed 204 NO_CONTENT
2025-09-19T19:46:00.016+03:00  INFO 31568 --- [web] [scheduling-1] c.c.w.c.CoinExchangeRateService          : No keys found to flush from Redis cache
2025-09-19T19:46:00.338+03:00 DEBUG 31568 --- [web] [scheduling-1] o.s.w.c.HttpMessageConverterExtractor    : Reading to [com.coinflux.web.coin_exchange_rate.client.coin_gecko.dtos.ExchangeRatesResponse]
2025-09-19T19:46:00.342+03:00  INFO 31568 --- [web] [scheduling-1] c.c.w.c.CoinExchangeRateService          : Fetching from CoinGecko takes 324.3208
2025-09-19T19:46:00.373+03:00  INFO 31568 --- [web] [scheduling-1] c.c.w.c.s.CoinExchangeRateScheduler      : Rabbit MQ time 31.1635 ms
2025-09-19T19:46:00.384+03:00  INFO 31568 --- [web] [scheduling-1] c.c.w.c.CoinExchangeRateService          : Saving in DB & CACHE  0.2275 ms
2025-09-19T19:46:00.386+03:00  INFO 31568 --- [web] [scheduling-1] c.c.w.c.s.CoinExchangeRateScheduler      : Scheduled job finished: exchange rates refreshed. Total duration: 369 ms
2025-09-19T19:46:30.007+03:00  INFO 31568 --- [web] [scheduling-1] c.c.w.c.CoinExchangeRateService          : No keys found to flush from Redis cache
2025-09-19T19:46:30.234+03:00 DEBUG 31568 --- [web] [scheduling-1] o.s.w.c.HttpMessageConverterExtractor    : Reading to [com.coinflux.web.coin_exchange_rate.client.coin_gecko.dtos.ExchangeRatesResponse]
2025-09-19T19:46:30.239+03:00  INFO 31568 --- [web] [scheduling-1] c.c.w.c.CoinExchangeRateService          : Fetching from CoinGecko takes 231.4196
2025-09-19T19:46:30.275+03:00  INFO 31568 --- [web] [scheduling-1] c.c.w.c.s.CoinExchangeRateScheduler      : Rabbit MQ time 36.5555 ms
2025-09-19T19:46:30.281+03:00  INFO 31568 --- [web] [scheduling-1] c.c.w.c.CoinExchangeRateService          : Saving in DB & CACHE  0.1008 ms
2025-09-19T19:46:30.282+03:00  INFO 31568 --- [web] [scheduling-1] c.c.w.c.s.CoinExchangeRateScheduler      : Scheduled job finished: exchange rates refreshed. Total duration: 275 ms
2025-09-19T19:46:49.000+03:00 DEBUG 31568 --- [web] [http-nio-8080-exec-3] o.s.web.servlet.DispatcherServlet        : PATCH "/api/notifications/read-all", parameters={}
2025-09-19T19:46:49.001+03:00 DEBUG 31568 --- [web] [http-nio-8080-exec-3] s.w.s.m.m.a.RequestMappingHandlerMapping : Mapped to com.coinflux.web.notification.NotificationController#markAllAsRead(UserDTO)
2025-09-19T19:46:49.013+03:00 DEBUG 31568 --- [web] [http-nio-8080-exec-3] o.s.w.s.m.m.a.HttpEntityMethodProcessor  : Using 'application/octet-stream', given [*/*] and supported [*/*]
2025-09-19T19:46:49.014+03:00 DEBUG 31568 --- [web] [http-nio-8080-exec-3] o.s.web.servlet.DispatcherServlet        : Completed 204 NO_CONTENT
2025-09-19T19:47:00.015+03:00  INFO 31568 --- [web] [scheduling-1] c.c.w.c.CoinExchangeRateService          : No keys found to flush from Redis cache
2025-09-19T19:47:00.344+03:00 DEBUG 31568 --- [web] [scheduling-1] o.s.w.c.HttpMessageConverterExtractor    : Reading to [com.coinflux.web.coin_exchange_rate.client.coin_gecko.dtos.ExchangeRatesResponse]
2025-09-19T19:47:00.346+03:00  INFO 31568 --- [web] [scheduling-1] c.c.w.c.CoinExchangeRateService          : Fetching from CoinGecko takes 331.0491
2025-09-19T19:47:00.354+03:00  INFO 31568 --- [web] [scheduling-1] c.c.w.c.s.CoinExchangeRateScheduler      : Rabbit MQ time 8.0975 ms
2025-09-19T19:47:00.358+03:00  INFO 31568 --- [web] [scheduling-1] c.c.w.c.CoinExchangeRateService          : Saving in DB & CACHE  0.0885 ms
2025-09-19T19:47:00.360+03:00  INFO 31568 --- [web] [scheduling-1] c.c.w.c.s.CoinExchangeRateScheduler      : Scheduled job finished: exchange rates refreshed. Total duration: 345 ms
2025-09-19T19:47:30.016+03:00  INFO 31568 --- [web] [scheduling-1] c.c.w.c.CoinExchangeRateService          : No keys found to flush from Redis cache
2025-09-19T19:47:30.453+03:00 DEBUG 31568 --- [web] [scheduling-1] o.s.w.c.HttpMessageConverterExtractor    : Reading to [com.coinflux.web.coin_exchange_rate.client.coin_gecko.dtos.ExchangeRatesResponse]
2025-09-19T19:47:30.454+03:00  INFO 31568 --- [web] [scheduling-1] c.c.w.c.CoinExchangeRateService          : Fetching from CoinGecko takes 437.8622
2025-09-19T19:47:30.457+03:00  INFO 31568 --- [web] [scheduling-1] c.c.w.c.s.CoinExchangeRateScheduler      : Rabbit MQ time 2.7113 ms
2025-09-19T19:47:30.465+03:00  INFO 31568 --- [web] [scheduling-1] c.c.w.c.CoinExchangeRateService          : Saving in DB & CACHE  0.0225 ms
2025-09-19T19:47:30.467+03:00  INFO 31568 --- [web] [scheduling-1] c.c.w.c.s.CoinExchangeRateScheduler      : Scheduled job finished: exchange rates refreshed. Total duration: 451 ms
